Method name: PP BS Growth (Modified),,,,,,,,,,,,,,,,,,,,,,,,,,,,,,,,,,,,,,,,,,,,,,,,,,,,,,,,,,,,,,,,,,,,,,,,,,,,,,,,,,,,,,,,,,,,,,,,,,
Application: SparkControl,,,,V3.1,,,,,,,,,,,,,,,,,,,,,,,,,,,,,,,,,,,,,,,,,,,,,,,,,,,,,,,,,,,,,,,,,,,,,,,,,,,,,,,,,,,,,,,,,,,,,,
Device: Spark,,,,Serial number: 2012008742,,,,,,,,,,,,,,,,,,,,,,,,,,,,,,,,,,,,,,,,,,,,,,,,,,,,,,,,,,,,,,,,,,,,,,,,,,,,,,,,,,,,,,,,,,,,,,
Firmware:,,,,LUM:V5.2.4|ABS:V4.3.2|ABS_MEX:V5.1.1|MTP:V14.3.3|FLUOR:V5.1.4|FLUOR_FP:V5.0.2|FLUOR_BOTTOM:V5.0.2|GCM:V3.0.2|PODI:V3.0.3,,,,,,,,,,,,,,,,,,,,,,,,,,,,,,,,,,,,,,,,,,,,,,,,,,,,,,,,,,,,,,,,,,,,,,,,,,,,,,,,,,,,,,,,,,,,,,
,,,,,,,,,,,,,,,,,,,,,,,,,,,,,,,,,,,,,,,,,,,,,,,,,,,,,,,,,,,,,,,,,,,,,,,,,,,,,,,,,,,,,,,,,,,,,,,,,,
Date:,,,,2026-03-18,,,,,,,,,,,,,,,,,,,,,,,,,,,,,,,,,,,,,,,,,,,,,,,,,,,,,,,,,,,,,,,,,,,,,,,,,,,,,,,,,,,,,,,,,,,,,,
Time:,,,,18:05,,,,,,,,,,,,,,,,,,,,,,,,,,,,,,,,,,,,,,,,,,,,,,,,,,,,,,,,,,,,,,,,,,,,,,,,,,,,,,,,,,,,,,,,,,,,,,
System,,,,FUJ17-TECAN,,,,,,,,,,,,,,,,,,,,,,,,,,,,,,,,,,,,,,,,,,,,,,,,,,,,,,,,,,,,,,,,,,,,,,,,,,,,,,,,,,,,,,,,,,,,,,
User,,,,FUJ17-TECAN\user,,,,,,,,,,,,,,,,,,,,,,,,,,,,,,,,,,,,,,,,,,,,,,,,,,,,,,,,,,,,,,,,,,,,,,,,,,,,,,,,,,,,,,,,,,,,,,
Plate,,,,[GRE96ft] - Greiner 96 Flat Transparent Cat. No.: 655101/655161/655192,,,,,,,,,,,,,,,,,,,,,,,,,,,,,,,,,,,,,,,,,,,,,,,,,,,,,,,,,,,,,,,,,,,,,,,,,,,,,,,,,,,,,,,,,,,,,,
Lid lifter,,,,Lid,,,,,,,,,,,,,,,,,,,,,,,,,,,,,,,,,,,,,,,,,,,,,,,,,,,,,,,,,,,,,,,,,,,,,,,,,,,,,,,,,,,,,,,,,,,,,,
Humidity Cassette,,,,No humidity cassette,,,,,,,,,,,,,,,,,,,,,,,,,,,,,,,,,,,,,,,,,,,,,,,,,,,,,,,,,,,,,,,,,,,,,,,,,,,,,,,,,,,,,,,,,,,,,,
Smooth mode,,,,Not selected,,,,,,,,,,,,,,,,,,,,,,,,,,,,,,,,,,,,,,,,,,,,,,,,,,,,,,,,,,,,,,,,,,,,,,,,,,,,,,,,,,,,,,,,,,,,,,
,,,,,,,,,,,,,,,,,,,,,,,,,,,,,,,,,,,,,,,,,,,,,,,,,,,,,,,,,,,,,,,,,,,,,,,,,,,,,,,,,,,,,,,,,,,,,,,,,,
List of actions in this measurement script:,,,,,,,,,,,,,,,,,,,,,,,,,,,,,,,,,,,,,,,,,,,,,,,,,,,,,,,,,,,,,,,,,,,,,,,,,,,,,,,,,,,,,,,,,,,,,,,,,,
Plate,,,,,,,,,,,,,,,,,,,,,,,,,,,,,,,,,,,,,,,,,,,,,,,,,,,,,,,,,,,,,,,,,,,,,,,,,,,,,,,,,,,,,,,,,,,,,,,,,,
,Temperature,,,,,,,,,,,,,,,,,,,,,,,,,,,,,,,,,,,,,,,,,,,,,,,,,,,,,,,,,,,,,,,,,,,,,,,,,,,,,,,,,,,,,,,,,,,,,,,,,
,Kinetic,,,,,,,,,,,,,,,,,,,,,,,,,,,,,,,,,,,,,,,,,,,,,,,,,,,,,,,,,,,,,,,,,,,,,,,,,,,,,,,,,,,,,,,,,,,,,,,,,
,,Shaking,,,,,,,,,,,,,,,,,,,,,,,,,,,,,,,,,,,,,,,,,,,,,,,,,,,,,,,,,,,,,,,,,,,,,,,,,,,,,,,,,,,,,,,,,,,,,,,,
,,Absorbance,,,,OD600,,,,,,,,,,,,,,,,,,,,,,,,,,,,,,,,,,,,,,,,,,,,,,,,,,,,,,,,,,,,,,,,,,,,,,,,,,,,,,,,,,,,,,,,,,,,
,,Fluorescence Bottom Reading,,,,GFP 80,,,,,,,,,,,,,,,,,,,,,,,,,,,,,,,,,,,,,,,,,,,,,,,,,,,,,,,,,,,,,,,,,,,,,,,,,,,,,,,,,,,,,,,,,,,,
,,Fluorescence Bottom Reading,,,,GFP 70,,,,,,,,,,,,,,,,,,,,,,,,,,,,,,,,,,,,,,,,,,,,,,,,,,,,,,,,,,,,,,,,,,,,,,,,,,,,,,,,,,,,,,,,,,,,
,,Fluorescence Bottom Reading,,,,RFP 95,,,,,,,,,,,,,,,,,,,,,,,,,,,,,,,,,,,,,,,,,,,,,,,,,,,,,,,,,,,,,,,,,,,,,,,,,,,,,,,,,,,,,,,,,,,,
,,Fluorescence Bottom Reading,,,,RFP 90,,,,,,,,,,,,,,,,,,,,,,,,,,,,,,,,,,,,,,,,,,,,,,,,,,,,,,,,,,,,,,,,,,,,,,,,,,,,,,,,,,,,,,,,,,,,
,,,,,,,,,,,,,,,,,,,,,,,,,,,,,,,,,,,,,,,,,,,,,,,,,,,,,,,,,,,,,,,,,,,,,,,,,,,,,,,,,,,,,,,,,,,,,,,,,,
Name,,,,GRE96ft,,,,,,,,,,,,,,,,,,,,,,,,,,,,,,,,,,,,,,,,,,,,,,,,,,,,,,,,,,,,,,,,,,,,,,,,,,,,,,,,,,,,,,,,,,,,,,
Plate layout,,,,,,,,,,,,,,,,,,,,,,,,,,,,,,,,,,,,,,,,,,,,,,,,,,,,,,,,,,,,,,,,,,,,,,,,,,,,,,,,,,,,,,,,,,,,,,,,,,
Plate area,,,,A1-H12,,,,,,,,,,,,,,,,,,,,,,,,,,,,,,,,,,,,,,,,,,,,,,,,,,,,,,,,,,,,,,,,,,,,,,,,,,,,,,,,,,,,,,,,,,,,,,
,,,,,,,,,,,,,,,,,,,,,,,,,,,,,,,,,,,,,,,,,,,,,,,,,,,,,,,,,,,,,,,,,,,,,,,,,,,,,,,,,,,,,,,,,,,,,,,,,,
Start Time,,,,2026-03-17 17:41:46,,,,,,,,,,,,,,,,,,,,,,,,,,,,,,,,,,,,,,,,,,,,,,,,,,,,,,,,,,,,,,,,,,,,,,,,,,,,,,,,,,,,,,,,,,,,,,
Temperature control,,,,On,,,,,,,,,,,,,,,,,,,,,,,,,,,,,,,,,,,,,,,,,,,,,,,,,,,,,,,,,,,,,,,,,,,,,,,,,,,,,,,,,,,,,,,,,,,,,,
Target temperature [°C],,,,30,,,,,,,,,,,,,,,,,,,,,,,,,,,,,,,,,,,,,,,,,,,,,,,,,,,,,,,,,,,,,,,,,,,,,,,,,,,,,,,,,,,,,,,,,,,,,,
End Time,,,,2026-03-17 17:41:46,,,,,,,,,,,,,,,,,,,,,,,,,,,,,,,,,,,,,,,,,,,,,,,,,,,,,,,,,,,,,,,,,,,,,,,,,,,,,,,,,,,,,,,,,,,,,,
,,,,,,,,,,,,,,,,,,,,,,,,,,,,,,,,,,,,,,,,,,,,,,,,,,,,,,,,,,,,,,,,,,,,,,,,,,,,,,,,,,,,,,,,,,,,,,,,,,
Mode,Kinetic,,,,,,,,,,,,,,,,,,,,,,,,,,,,,,,,,,,,,,,,,,,,,,,,,,,,,,,,,,,,,,,,,,,,,,,,,,,,,,,,,,,,,,,,,,,,,,,,,
Kinetic cycles,,,,64,,,,,,,,,,,,,,,,,,,,,,,,,,,,,,,,,,,,,,,,,,,,,,,,,,,,,,,,,,,,,,,,,,,,,,,,,,,,,,,,,,,,,,,,,,,,,,
Interval time [hhmmss],,,,01:00:00,,,,,,,,,,,,,,,,,,,,,,,,,,,,,,,,,,,,,,,,,,,,,,,,,,,,,,,,,,,,,,,,,,,,,,,,,,,,,,,,,,,,,,,,,,,,,,
,,,,,,,,,,,,,,,,,,,,,,,,,,,,,,,,,,,,,,,,,,,,,,,,,,,,,,,,,,,,,,,,,,,,,,,,,,,,,,,,,,,,,,,,,,,,,,,,,,
Shaking (Double Orbital) Duration [s],,,,30,,,,,,,,,,,,,,,,,,,,,,,,,,,,,,,,,,,,,,,,,,,,,,,,,,,,,,,,,,,,,,,,,,,,,,,,,,,,,,,,,,,,,,,,,,,,,,
Shaking (Double Orbital) Position,,,,Current,,,,,,,,,,,,,,,,,,,,,,,,,,,,,,,,,,,,,,,,,,,,,,,,,,,,,,,,,,,,,,,,,,,,,,,,,,,,,,,,,,,,,,,,,,,,,,
Shaking (Double Orbital) Amplitude [mm],,,,2,,,,,,,,,,,,,,,,,,,,,,,,,,,,,,,,,,,,,,,,,,,,,,,,,,,,,,,,,,,,,,,,,,,,,,,,,,,,,,,,,,,,,,,,,,,,,,
Shaking (Double Orbital) Frequency [rpm],,,,150,,,,,,,,,,,,,,,,,,,,,,,,,,,,,,,,,,,,,,,,,,,,,,,,,,,,,,,,,,,,,,,,,,,,,,,,,,,,,,,,,,,,,,,,,,,,,,
,,,,,,,,,,,,,,,,,,,,,,,,,,,,,,,,,,,,,,,,,,,,,,,,,,,,,,,,,,,,,,,,,,,,,,,,,,,,,,,,,,,,,,,,,,,,,,,,,,
Mode,Absorbance,,,,,,,,,,,,,,,,,,,,,,,,,,,,,,,,,,,,,,,,,,,,,,,,,,,,,,,,,,,,,,,,,,,,,,,,,,,,,,,,,,,,,,,,,,,,,,,,,
Name,OD600,,,,,,,,,,,,,,,,,,,,,,,,,,,,,,,,,,,,,,,,,,,,,,,,,,,,,,,,,,,,,,,,,,,,,,,,,,,,,,,,,,,,,,,,,,,,,,,,,
Measurement wavelength [nm],,,,600,,,,,,,,,,,,,,,,,,,,,,,,,,,,,,,,,,,,,,,,,,,,,,,,,,,,,,,,,,,,,,,,,,,,,,,,,,,,,,,,,,,,,,,,,,,,,,
Number of flashes,,,,10,,,,,,,,,,,,,,,,,,,,,,,,,,,,,,,,,,,,,,,,,,,,,,,,,,,,,,,,,,,,,,,,,,,,,,,,,,,,,,,,,,,,,,,,,,,,,,
Settle time [ms],,,,50,,,,,,,,,,,,,,,,,,,,,,,,,,,,,,,,,,,,,,,,,,,,,,,,,,,,,,,,,,,,,,,,,,,,,,,,,,,,,,,,,,,,,,,,,,,,,,
Part of Plate,,,,A1-H12,,,,,,,,,,,,,,,,,,,,,,,,,,,,,,,,,,,,,,,,,,,,,,,,,,,,,,,,,,,,,,,,,,,,,,,,,,,,,,,,,,,,,,,,,,,,,,
,,,,,,,,,,,,,,,,,,,,,,,,,,,,,,,,,,,,,,,,,,,,,,,,,,,,,,,,,,,,,,,,,,,,,,,,,,,,,,,,,,,,,,,,,,,,,,,,,,
Mode,Fluorescence Bottom Reading,,,,,,,,,,,,,,,,,,,,,,,,,,,,,,,,,,,,,,,,,,,,,,,,,,,,,,,,,,,,,,,,,,,,,,,,,,,,,,,,,,,,,,,,,,,,,,,,,
Name,GFP 80,,,,,,,,,,,,,,,,,,,,,,,,,,,,,,,,,,,,,,,,,,,,,,,,,,,,,,,,,,,,,,,,,,,,,,,,,,,,,,,,,,,,,,,,,,,,,,,,,
Excitation,,,,Filter,,,,,,,,,,,,,,,,,,,,,,,,,,,,,,,,,,,,,,,,,,,,,,,,,,,,,,,,,,,,,,,,,,,,,,,,,,,,,,,,,,,,,,,,,,,,,,
Excitation wavelength [nm],,,,485,,,,,,,,,,,,,,,,,,,,,,,,,,,,,,,,,,,,,,,,,,,,,,,,,,,,,,,,,,,,,,,,,,,,,,,,,,,,,,,,,,,,,,,,,,,,,,
Excitation bandwidth [nm],,,,20,,,,,,,,,,,,,,,,,,,,,,,,,,,,,,,,,,,,,,,,,,,,,,,,,,,,,,,,,,,,,,,,,,,,,,,,,,,,,,,,,,,,,,,,,,,,,,
Emission,,,,Filter,,,,,,,,,,,,,,,,,,,,,,,,,,,,,,,,,,,,,,,,,,,,,,,,,,,,,,,,,,,,,,,,,,,,,,,,,,,,,,,,,,,,,,,,,,,,,,
Emission wavelength [nm],,,,535,,,,,,,,,,,,,,,,,,,,,,,,,,,,,,,,,,,,,,,,,,,,,,,,,,,,,,,,,,,,,,,,,,,,,,,,,,,,,,,,,,,,,,,,,,,,,,
Emission bandwidth [nm],,,,25,,,,,,,,,,,,,,,,,,,,,,,,,,,,,,,,,,,,,,,,,,,,,,,,,,,,,,,,,,,,,,,,,,,,,,,,,,,,,,,,,,,,,,,,,,,,,,
Gain Manual,,,,80,,,,,,,,,,,,,,,,,,,,,,,,,,,,,,,,,,,,,,,,,,,,,,,,,,,,,,,,,,,,,,,,,,,,,,,,,,,,,,,,,,,,,,,,,,,,,,
Number of flashes,,,,30,,,,,,,,,,,,,,,,,,,,,,,,,,,,,,,,,,,,,,,,,,,,,,,,,,,,,,,,,,,,,,,,,,,,,,,,,,,,,,,,,,,,,,,,,,,,,,
Integration time [µs],,,,40,,,,,,,,,,,,,,,,,,,,,,,,,,,,,,,,,,,,,,,,,,,,,,,,,,,,,,,,,,,,,,,,,,,,,,,,,,,,,,,,,,,,,,,,,,,,,,
Lag time [µs],,,,0,,,,,,,,,,,,,,,,,,,,,,,,,,,,,,,,,,,,,,,,,,,,,,,,,,,,,,,,,,,,,,,,,,,,,,,,,,,,,,,,,,,,,,,,,,,,,,
Settle time [ms],,,,0,,,,,,,,,,,,,,,,,,,,,,,,,,,,,,,,,,,,,,,,,,,,,,,,,,,,,,,,,,,,,,,,,,,,,,,,,,,,,,,,,,,,,,,,,,,,,,
Z-Position [μm],,,,26000,,,,,,,,,,,,,,,,,,,,,,,,,,,,,,,,,,,,,,,,,,,,,,,,,,,,,,,,,,,,,,,,,,,,,,,,,,,,,,,,,,,,,,,,,,,,,,
Z-Position mode,,,,Manual,,,,,,,,,,,,,,,,,,,,,,,,,,,,,,,,,,,,,,,,,,,,,,,,,,,,,,,,,,,,,,,,,,,,,,,,,,,,,,,,,,,,,,,,,,,,,,
Part of Plate,,,,A1-H12,,,,,,,,,,,,,,,,,,,,,,,,,,,,,,,,,,,,,,,,,,,,,,,,,,,,,,,,,,,,,,,,,,,,,,,,,,,,,,,,,,,,,,,,,,,,,,
,,,,,,,,,,,,,,,,,,,,,,,,,,,,,,,,,,,,,,,,,,,,,,,,,,,,,,,,,,,,,,,,,,,,,,,,,,,,,,,,,,,,,,,,,,,,,,,,,,
Mode,Fluorescence Bottom Reading,,,,,,,,,,,,,,,,,,,,,,,,,,,,,,,,,,,,,,,,,,,,,,,,,,,,,,,,,,,,,,,,,,,,,,,,,,,,,,,,,,,,,,,,,,,,,,,,,
Name,GFP 70,,,,,,,,,,,,,,,,,,,,,,,,,,,,,,,,,,,,,,,,,,,,,,,,,,,,,,,,,,,,,,,,,,,,,,,,,,,,,,,,,,,,,,,,,,,,,,,,,
Excitation,,,,Filter,,,,,,,,,,,,,,,,,,,,,,,,,,,,,,,,,,,,,,,,,,,,,,,,,,,,,,,,,,,,,,,,,,,,,,,,,,,,,,,,,,,,,,,,,,,,,,
Excitation wavelength [nm],,,,485,,,,,,,,,,,,,,,,,,,,,,,,,,,,,,,,,,,,,,,,,,,,,,,,,,,,,,,,,,,,,,,,,,,,,,,,,,,,,,,,,,,,,,,,,,,,,,
Excitation bandwidth [nm],,,,20,,,,,,,,,,,,,,,,,,,,,,,,,,,,,,,,,,,,,,,,,,,,,,,,,,,,,,,,,,,,,,,,,,,,,,,,,,,,,,,,,,,,,,,,,,,,,,
Emission,,,,Filter,,,,,,,,,,,,,,,,,,,,,,,,,,,,,,,,,,,,,,,,,,,,,,,,,,,,,,,,,,,,,,,,,,,,,,,,,,,,,,,,,,,,,,,,,,,,,,
Emission wavelength [nm],,,,535,,,,,,,,,,,,,,,,,,,,,,,,,,,,,,,,,,,,,,,,,,,,,,,,,,,,,,,,,,,,,,,,,,,,,,,,,,,,,,,,,,,,,,,,,,,,,,
Emission bandwidth [nm],,,,25,,,,,,,,,,,,,,,,,,,,,,,,,,,,,,,,,,,,,,,,,,,,,,,,,,,,,,,,,,,,,,,,,,,,,,,,,,,,,,,,,,,,,,,,,,,,,,
Gain Manual,,,,70,,,,,,,,,,,,,,,,,,,,,,,,,,,,,,,,,,,,,,,,,,,,,,,,,,,,,,,,,,,,,,,,,,,,,,,,,,,,,,,,,,,,,,,,,,,,,,
Number of flashes,,,,30,,,,,,,,,,,,,,,,,,,,,,,,,,,,,,,,,,,,,,,,,,,,,,,,,,,,,,,,,,,,,,,,,,,,,,,,,,,,,,,,,,,,,,,,,,,,,,
Integration time [µs],,,,40,,,,,,,,,,,,,,,,,,,,,,,,,,,,,,,,,,,,,,,,,,,,,,,,,,,,,,,,,,,,,,,,,,,,,,,,,,,,,,,,,,,,,,,,,,,,,,
Lag time [µs],,,,0,,,,,,,,,,,,,,,,,,,,,,,,,,,,,,,,,,,,,,,,,,,,,,,,,,,,,,,,,,,,,,,,,,,,,,,,,,,,,,,,,,,,,,,,,,,,,,
Settle time [ms],,,,0,,,,,,,,,,,,,,,,,,,,,,,,,,,,,,,,,,,,,,,,,,,,,,,,,,,,,,,,,,,,,,,,,,,,,,,,,,,,,,,,,,,,,,,,,,,,,,
Z-Position [μm],,,,26000,,,,,,,,,,,,,,,,,,,,,,,,,,,,,,,,,,,,,,,,,,,,,,,,,,,,,,,,,,,,,,,,,,,,,,,,,,,,,,,,,,,,,,,,,,,,,,
Z-Position mode,,,,Manual,,,,,,,,,,,,,,,,,,,,,,,,,,,,,,,,,,,,,,,,,,,,,,,,,,,,,,,,,,,,,,,,,,,,,,,,,,,,,,,,,,,,,,,,,,,,,,
Part of Plate,,,,A1-H12,,,,,,,,,,,,,,,,,,,,,,,,,,,,,,,,,,,,,,,,,,,,,,,,,,,,,,,,,,,,,,,,,,,,,,,,,,,,,,,,,,,,,,,,,,,,,,
,,,,,,,,,,,,,,,,,,,,,,,,,,,,,,,,,,,,,,,,,,,,,,,,,,,,,,,,,,,,,,,,,,,,,,,,,,,,,,,,,,,,,,,,,,,,,,,,,,
Mode,Fluorescence Bottom Reading,,,,,,,,,,,,,,,,,,,,,,,,,,,,,,,,,,,,,,,,,,,,,,,,,,,,,,,,,,,,,,,,,,,,,,,,,,,,,,,,,,,,,,,,,,,,,,,,,
Name,RFP 95,,,,,,,,,,,,,,,,,,,,,,,,,,,,,,,,,,,,,,,,,,,,,,,,,,,,,,,,,,,,,,,,,,,,,,,,,,,,,,,,,,,,,,,,,,,,,,,,,
Excitation,,,,Filter,,,,,,,,,,,,,,,,,,,,,,,,,,,,,,,,,,,,,,,,,,,,,,,,,,,,,,,,,,,,,,,,,,,,,,,,,,,,,,,,,,,,,,,,,,,,,,
Excitation wavelength [nm],,,,535,,,,,,,,,,,,,,,,,,,,,,,,,,,,,,,,,,,,,,,,,,,,,,,,,,,,,,,,,,,,,,,,,,,,,,,,,,,,,,,,,,,,,,,,,,,,,,
Excitation bandwidth [nm],,,,25,,,,,,,,,,,,,,,,,,,,,,,,,,,,,,,,,,,,,,,,,,,,,,,,,,,,,,,,,,,,,,,,,,,,,,,,,,,,,,,,,,,,,,,,,,,,,,
Emission,,,,Filter,,,,,,,,,,,,,,,,,,,,,,,,,,,,,,,,,,,,,,,,,,,,,,,,,,,,,,,,,,,,,,,,,,,,,,,,,,,,,,,,,,,,,,,,,,,,,,
Emission wavelength [nm],,,,595,,,,,,,,,,,,,,,,,,,,,,,,,,,,,,,,,,,,,,,,,,,,,,,,,,,,,,,,,,,,,,,,,,,,,,,,,,,,,,,,,,,,,,,,,,,,,,
Emission bandwidth [nm],,,,35,,,,,,,,,,,,,,,,,,,,,,,,,,,,,,,,,,,,,,,,,,,,,,,,,,,,,,,,,,,,,,,,,,,,,,,,,,,,,,,,,,,,,,,,,,,,,,
Gain Manual,,,,95,,,,,,,,,,,,,,,,,,,,,,,,,,,,,,,,,,,,,,,,,,,,,,,,,,,,,,,,,,,,,,,,,,,,,,,,,,,,,,,,,,,,,,,,,,,,,,
Number of flashes,,,,30,,,,,,,,,,,,,,,,,,,,,,,,,,,,,,,,,,,,,,,,,,,,,,,,,,,,,,,,,,,,,,,,,,,,,,,,,,,,,,,,,,,,,,,,,,,,,,
Integration time [µs],,,,40,,,,,,,,,,,,,,,,,,,,,,,,,,,,,,,,,,,,,,,,,,,,,,,,,,,,,,,,,,,,,,,,,,,,,,,,,,,,,,,,,,,,,,,,,,,,,,
Lag time [µs],,,,0,,,,,,,,,,,,,,,,,,,,,,,,,,,,,,,,,,,,,,,,,,,,,,,,,,,,,,,,,,,,,,,,,,,,,,,,,,,,,,,,,,,,,,,,,,,,,,
Settle time [ms],,,,0,,,,,,,,,,,,,,,,,,,,,,,,,,,,,,,,,,,,,,,,,,,,,,,,,,,,,,,,,,,,,,,,,,,,,,,,,,,,,,,,,,,,,,,,,,,,,,
Z-Position [μm],,,,26000,,,,,,,,,,,,,,,,,,,,,,,,,,,,,,,,,,,,,,,,,,,,,,,,,,,,,,,,,,,,,,,,,,,,,,,,,,,,,,,,,,,,,,,,,,,,,,
Z-Position mode,,,,Manual,,,,,,,,,,,,,,,,,,,,,,,,,,,,,,,,,,,,,,,,,,,,,,,,,,,,,,,,,,,,,,,,,,,,,,,,,,,,,,,,,,,,,,,,,,,,,,
Part of Plate,,,,A1-H12,,,,,,,,,,,,,,,,,,,,,,,,,,,,,,,,,,,,,,,,,,,,,,,,,,,,,,,,,,,,,,,,,,,,,,,,,,,,,,,,,,,,,,,,,,,,,,
,,,,,,,,,,,,,,,,,,,,,,,,,,,,,,,,,,,,,,,,,,,,,,,,,,,,,,,,,,,,,,,,,,,,,,,,,,,,,,,,,,,,,,,,,,,,,,,,,,
Mode,Fluorescence Bottom Reading,,,,,,,,,,,,,,,,,,,,,,,,,,,,,,,,,,,,,,,,,,,,,,,,,,,,,,,,,,,,,,,,,,,,,,,,,,,,,,,,,,,,,,,,,,,,,,,,,
Name,RFP 90,,,,,,,,,,,,,,,,,,,,,,,,,,,,,,,,,,,,,,,,,,,,,,,,,,,,,,,,,,,,,,,,,,,,,,,,,,,,,,,,,,,,,,,,,,,,,,,,,
Excitation,,,,Filter,,,,,,,,,,,,,,,,,,,,,,,,,,,,,,,,,,,,,,,,,,,,,,,,,,,,,,,,,,,,,,,,,,,,,,,,,,,,,,,,,,,,,,,,,,,,,,
Excitation wavelength [nm],,,,535,,,,,,,,,,,,,,,,,,,,,,,,,,,,,,,,,,,,,,,,,,,,,,,,,,,,,,,,,,,,,,,,,,,,,,,,,,,,,,,,,,,,,,,,,,,,,,
Excitation bandwidth [nm],,,,25,,,,,,,,,,,,,,,,,,,,,,,,,,,,,,,,,,,,,,,,,,,,,,,,,,,,,,,,,,,,,,,,,,,,,,,,,,,,,,,,,,,,,,,,,,,,,,
Emission,,,,Filter,,,,,,,,,,,,,,,,,,,,,,,,,,,,,,,,,,,,,,,,,,,,,,,,,,,,,,,,,,,,,,,,,,,,,,,,,,,,,,,,,,,,,,,,,,,,,,
Emission wavelength [nm],,,,595,,,,,,,,,,,,,,,,,,,,,,,,,,,,,,,,,,,,,,,,,,,,,,,,,,,,,,,,,,,,,,,,,,,,,,,,,,,,,,,,,,,,,,,,,,,,,,
Emission bandwidth [nm],,,,35,,,,,,,,,,,,,,,,,,,,,,,,,,,,,,,,,,,,,,,,,,,,,,,,,,,,,,,,,,,,,,,,,,,,,,,,,,,,,,,,,,,,,,,,,,,,,,
Gain Manual,,,,90,,,,,,,,,,,,,,,,,,,,,,,,,,,,,,,,,,,,,,,,,,,,,,,,,,,,,,,,,,,,,,,,,,,,,,,,,,,,,,,,,,,,,,,,,,,,,,
Number of flashes,,,,30,,,,,,,,,,,,,,,,,,,,,,,,,,,,,,,,,,,,,,,,,,,,,,,,,,,,,,,,,,,,,,,,,,,,,,,,,,,,,,,,,,,,,,,,,,,,,,
Integration time [µs],,,,40,,,,,,,,,,,,,,,,,,,,,,,,,,,,,,,,,,,,,,,,,,,,,,,,,,,,,,,,,,,,,,,,,,,,,,,,,,,,,,,,,,,,,,,,,,,,,,
Lag time [µs],,,,0,,,,,,,,,,,,,,,,,,,,,,,,,,,,,,,,,,,,,,,,,,,,,,,,,,,,,,,,,,,,,,,,,,,,,,,,,,,,,,,,,,,,,,,,,,,,,,
Settle time [ms],,,,0,,,,,,,,,,,,,,,,,,,,,,,,,,,,,,,,,,,,,,,,,,,,,,,,,,,,,,,,,,,,,,,,,,,,,,,,,,,,,,,,,,,,,,,,,,,,,,
Z-Position [μm],,,,26000,,,,,,,,,,,,,,,,,,,,,,,,,,,,,,,,,,,,,,,,,,,,,,,,,,,,,,,,,,,,,,,,,,,,,,,,,,,,,,,,,,,,,,,,,,,,,,
Z-Position mode,,,,Manual,,,,,,,,,,,,,,,,,,,,,,,,,,,,,,,,,,,,,,,,,,,,,,,,,,,,,,,,,,,,,,,,,,,,,,,,,,,,,,,,,,,,,,,,,,,,,,
Part of Plate,,,,A1-H12,,,,,,,,,,,,,,,,,,,,,,,,,,,,,,,,,,,,,,,,,,,,,,,,,,,,,,,,,,,,,,,,,,,,,,,,,,,,,,,,,,,,,,,,,,,,,,
,,,,,,,,,,,,,,,,,,,,,,,,,,,,,,,,,,,,,,,,,,,,,,,,,,,,,,,,,,,,,,,,,,,,,,,,,,,,,,,,,,,,,,,,,,,,,,,,,,
Start Time,,,,2026-03-17 17:42:07,,,,,,,,,,,,,,,,,,,,,,,,,,,,,,,,,,,,,,,,,,,,,,,,,,,,,,,,,,,,,,,,,,,,,,,,,,,,,,,,,,,,,,,,,,,,,,
,,,,,,,,,,,,,,,,,,,,,,,,,,,,,,,,,,,,,,,,,,,,,,,,,,,,,,,,,,,,,,,,,,,,,,,,,,,,,,,,,,,,,,,,,,,,,,,,,,
OD600,,,,,,,,,,,,,,,,,,,,,,,,,,,,,,,,,,,,,,,,,,,,,,,,,,,,,,,,,,,,,,,,,,,,,,,,,,,,,,,,,,,,,,,,,,,,,,,,,,
Cycle Nr.,Time [s],Temp. [°C],A1,A2,A3,A4,A5,A6,A7,A8,A9,A10,A11,A12,B1,B2,B3,B4,B5,B6,B7,B8,B9,B10,B11,B12,C1,C2,C3,C4,C5,C6,C7,C8,C9,C10,C11,C12,D1,D2,D3,D4,D5,D6,D7,D8,D9,D10,D11,D12,E1,E2,E3,E4,E5,E6,E7,E8,E9,E10,E11,E12,F1,F2,F3,F4,F5,F6,F7,F8,F9,F10,F11,F12,G1,G2,G3,G4,G5,G6,G7,G8,G9,G10,G11,G12,H1,H2,H3,H4,H5,H6,H7,H8,H9,H10,H11,H12
1,0,27.5,0.23,0.2249,0.2279,0.2275,0.2291,0.2227,0.2253,0.2563,0.2266,0.23,0.2274,0.228,0.2377,0.23,0.2352,0.2282,0.2283,0.2354,0.2413,0.2623,0.231,0.2322,0.2299,0.2269,0.2302,0.2276,0.2283,0.2245,0.2283,0.2279,0.2316,0.2511,0.2279,0.2343,0.2353,0.2365,0.2376,0.2281,0.2341,0.2841,0.2325,0.2379,0.3549,0.2635,0.2267,0.2279,0.2256,0.2287,0.2334,0.2261,0.2377,0.2299,0.254,0.2304,0.2453,0.2823,0.3761,0.4835,0.2407,0.2367,0.2616,0.2291,0.2312,0.2407,0.2358,0.2438,0.2382,0.2659,0.2487,0.4008,0.5584,0.2299,0.2341,0.2355,0.2264,0.2269,0.2456,0.2339,0.2269,0.2727,0.236,0.2307,0.2249,0.2266,0.2317,0.2263,0.225,0.226,0.2274,0.2308,0.2332,0.2508,0.23,0.2253,0.2256,0.23
2,3600,29.9,0.2309,0.2231,0.226,0.2257,0.2264,0.2217,0.2246,0.2633,0.225,0.2284,0.2251,0.2317,0.2368,0.2256,0.2278,0.2271,0.2278,0.2243,0.2315,0.261,0.2302,0.2273,0.2281,0.2258,0.2319,0.2253,0.2257,0.2229,0.2265,0.226,0.231,0.2609,0.2269,0.2308,0.2328,0.23,0.2367,0.2265,0.2292,0.2925,0.2291,0.2291,0.3356,0.262,0.226,0.2274,0.2251,0.227,0.2342,0.2254,0.2346,0.2282,0.2532,0.2284,0.2327,0.2847,0.3646,0.4813,0.2343,0.2278,0.2611,0.2278,0.2299,0.2404,0.2327,0.2238,0.2367,0.2657,0.2435,0.4023,0.5524,0.2282,0.2345,0.2273,0.2243,0.2249,0.2277,0.2249,0.2259,0.2565,0.237,0.2297,0.2245,0.2259,0.2324,0.2256,0.2238,0.2241,0.2224,0.2277,0.2289,0.2588,0.2282,0.2235,0.2247,0.2271
3,7200.006,30,0.2689,0.2228,0.2255,0.2256,0.2257,0.2215,0.2259,0.2817,0.2257,0.2299,0.227,0.2271,0.264,0.2388,0.2378,0.237,0.2308,0.2243,0.2326,0.2717,0.2299,0.2269,0.2278,0.2257,0.2594,0.2438,0.2427,0.2289,0.2341,0.2268,0.232,0.2697,0.2272,0.231,0.2328,0.228,0.2607,0.2458,0.2494,0.3031,0.2343,0.2341,0.3392,0.2713,0.2266,0.2268,0.225,0.2268,0.2668,0.2361,0.2467,0.2415,0.2608,0.2335,0.2354,0.2975,0.3724,0.4854,0.2414,0.2275,0.2865,0.2459,0.2436,0.2567,0.2453,0.2317,0.2395,0.2862,0.2433,0.402,0.5561,0.23,0.2573,0.2323,0.2284,0.2259,0.2318,0.2253,0.2269,0.2841,0.2295,0.2281,0.2236,0.2252,0.253,0.2257,0.2234,0.2243,0.2225,0.2277,0.23,0.2737,0.228,0.2234,0.2246,0.2252
4,10800.02,30,0.2831,0.2234,0.2256,0.2253,0.2254,0.2214,0.2281,0.3093,0.2255,0.2266,0.225,0.2258,0.2872,0.2463,0.2451,0.2437,0.2412,0.2241,0.2353,0.3055,0.2302,0.2268,0.2277,0.2256,0.2963,0.2553,0.2536,0.2342,0.2391,0.2377,0.2344,0.3055,0.2272,0.2312,0.2323,0.2275,0.2954,0.2582,0.2623,0.3128,0.2385,0.2448,0.3402,0.3023,0.2265,0.2269,0.2247,0.2265,0.2897,0.2452,0.2557,0.2519,0.269,0.2413,0.2388,0.3333,0.368,0.4868,0.2393,0.2269,0.3161,0.2577,0.2517,0.2674,0.2508,0.2397,0.247,0.3074,0.2428,0.4031,0.5547,0.2279,0.2792,0.2385,0.2324,0.2341,0.2403,0.2296,0.2291,0.3115,0.2294,0.228,0.2239,0.2251,0.2772,0.226,0.2227,0.2243,0.2226,0.2272,0.2319,0.2912,0.2277,0.2226,0.2243,0.2253
5,14400.036,30,0.3409,0.2253,0.2252,0.2245,0.2245,0.2209,0.2317,0.3207,0.2253,0.2278,0.2246,0.2286,0.3542,0.2567,0.2516,0.2501,0.2469,0.2237,0.2393,0.3193,0.2301,0.2263,0.2273,0.2248,0.3609,0.2686,0.2639,0.2374,0.2446,0.243,0.2389,0.3149,0.2274,0.231,0.2323,0.2271,0.356,0.271,0.275,0.3211,0.2435,0.2535,0.3439,0.3149,0.2262,0.2264,0.224,0.2258,0.3545,0.2565,0.264,0.2589,0.2751,0.2484,0.2447,0.3452,0.3649,0.4877,0.2351,0.2262,0.3858,0.2703,0.2626,0.2752,0.2616,0.2449,0.2542,0.3107,0.2424,0.3999,0.5541,0.2297,0.3345,0.2441,0.2362,0.2384,0.2437,0.2319,0.2327,0.314,0.2292,0.2273,0.2233,0.2248,0.3334,0.2276,0.2229,0.2237,0.2217,0.2262,0.2352,0.2965,0.2276,0.2231,0.2235,0.224
6,18000.042,30,0.4571,0.2578,0.2255,0.2246,0.2247,0.2207,0.2376,0.3286,0.2259,0.2268,0.2245,0.2272,0.4755,0.2871,0.2585,0.2575,0.2535,0.2241,0.2499,0.3215,0.2305,0.226,0.2268,0.2247,0.4779,0.3217,0.2718,0.2413,0.25,0.2478,0.2468,0.3114,0.2277,0.2303,0.2319,0.2258,0.4669,0.3226,0.2775,0.327,0.2462,0.2604,0.3544,0.3151,0.2267,0.2265,0.2241,0.2257,0.467,0.2944,0.2735,0.2667,0.2814,0.2549,0.2579,0.3469,0.3641,0.4885,0.2341,0.2262,0.4944,0.3163,0.27,0.2866,0.2626,0.2539,0.2647,0.3188,0.2428,0.4015,0.5544,0.2269,0.4334,0.2958,0.2405,0.2425,0.2483,0.2337,0.24,0.3135,0.2296,0.2273,0.2232,0.2247,0.449,0.2543,0.2231,0.2229,0.2211,0.2265,0.2422,0.3106,0.2282,0.2224,0.2233,0.2242
7,21600.048,30,0.6209,0.2685,0.2266,0.2243,0.2243,0.2205,0.248,0.3375,0.2265,0.227,0.2247,0.2236,0.6482,0.3104,0.2669,0.2636,0.2587,0.2249,0.2704,0.3242,0.2317,0.2261,0.2269,0.2245,0.6635,0.3313,0.287,0.2463,0.2555,0.2541,0.2654,0.3231,0.2287,0.2305,0.2314,0.2265,0.6348,0.3377,0.2913,0.3348,0.2503,0.268,0.3903,0.3141,0.2277,0.2268,0.2244,0.2252,0.6286,0.3132,0.2833,0.2765,0.2868,0.2616,0.2775,0.3458,0.354,0.4877,0.233,0.2256,0.6643,0.3292,0.2776,0.2961,0.2679,0.2614,0.2846,0.3142,0.2436,0.4033,0.5547,0.2272,0.5739,0.2991,0.2462,0.2465,0.2531,0.2364,0.251,0.3274,0.2299,0.2267,0.2232,0.2241,0.5903,0.2751,0.2243,0.2233,0.2214,0.2259,0.253,0.3211,0.2286,0.2219,0.2227,0.2231
8,25200.066,30,0.7665,0.3094,0.234,0.2246,0.2237,0.22,0.272,0.3368,0.2278,0.2258,0.2244,0.2228,0.8109,0.3724,0.2813,0.2702,0.2637,0.2258,0.2723,0.328,0.2329,0.2269,0.227,0.2245,0.8346,0.3831,0.3001,0.2501,0.2603,0.2578,0.2894,0.3305,0.23,0.2305,0.2314,0.2255,0.7923,0.3928,0.3074,0.3423,0.2521,0.2736,0.3914,0.314,0.2297,0.2265,0.2236,0.2249,0.7853,0.3705,0.2962,0.2829,0.2906,0.2657,0.2802,0.3484,0.358,0.4879,0.2328,0.2257,0.802,0.3822,0.2906,0.3028,0.2788,0.2623,0.3036,0.3265,0.2446,0.4015,0.5539,0.2262,0.7431,0.3554,0.2583,0.2526,0.2591,0.2399,0.2793,0.3316,0.2314,0.2271,0.2227,0.2241,0.7482,0.3268,0.231,0.223,0.221,0.2256,0.2705,0.3374,0.2297,0.2216,0.2227,0.223
9,28800.071,30,1.2265,0.4409,0.2663,0.2254,0.2241,0.22,0.2711,0.349,0.2302,0.2269,0.224,0.2249,1.1824,0.4973,0.3261,0.2764,0.2686,0.2258,0.3085,0.3359,0.2354,0.2268,0.2264,0.2241,1.239,0.5014,0.3415,0.2574,0.2654,0.263,0.3109,0.3321,0.2328,0.2306,0.2314,0.2254,1.0991,0.4971,0.3486,0.3547,0.2596,0.2789,0.4041,0.3226,0.2321,0.2266,0.2236,0.2247,1.2674,0.4865,0.3268,0.2939,0.2917,0.2702,0.322,0.3598,0.3616,0.492,0.2309,0.2248,1.2081,0.4916,0.3316,0.3093,0.2864,0.2619,0.3258,0.3354,0.2474,0.401,0.5534,0.2256,0.9754,0.4777,0.2919,0.2588,0.2638,0.2431,0.2999,0.34,0.2344,0.2269,0.2228,0.2239,1.0614,0.4388,0.2568,0.2245,0.2208,0.2257,0.302,0.3563,0.2316,0.2216,0.2222,0.2228
10,32400.079,30,1.2757,0.5744,0.2867,0.2289,0.2237,0.2197,0.2969,0.3799,0.2347,0.2267,0.224,0.2234,1.3055,0.6434,0.3446,0.2894,0.2732,0.2266,0.3195,0.3573,0.2393,0.2265,0.2264,0.224,1.2499,0.6332,0.3697,0.2636,0.2705,0.2675,0.3212,0.3379,0.2375,0.2307,0.2314,0.2251,1.1607,0.6326,0.3722,0.3625,0.2596,0.287,0.4153,0.3314,0.2366,0.2267,0.2235,0.2243,1.3099,0.6183,0.359,0.3037,0.2981,0.2729,0.3245,0.3839,0.3667,0.4886,0.2337,0.2254,1.315,0.6317,0.3587,0.3251,0.2789,0.2755,0.347,0.3443,0.2516,0.4026,0.553,0.2253,1.4464,0.613,0.3226,0.2635,0.2695,0.2463,0.3082,0.3535,0.2388,0.2272,0.223,0.2237,1.2161,0.5593,0.28,0.2284,0.2208,0.2255,0.3019,0.3884,0.2349,0.2217,0.2221,0.2221
11,36000.085,29.9,1.3475,0.7646,0.3467,0.275,0.2244,0.2201,0.2942,0.3877,0.2418,0.2268,0.2241,0.2227,1.4293,0.8176,0.4095,0.3317,0.2763,0.2262,0.3139,0.3793,0.2502,0.2279,0.2266,0.2237,1.4063,0.8173,0.4323,0.3057,0.2755,0.272,0.3189,0.3456,0.2482,0.2314,0.2315,0.2246,1.3896,0.8016,0.4289,0.4077,0.2669,0.2915,0.4285,0.3424,0.2466,0.227,0.2235,0.2239,1.436,0.7806,0.4338,0.3283,0.3031,0.2754,0.3279,0.3826,0.3879,0.4888,0.2307,0.2248,1.4478,0.817,0.4245,0.3579,0.2852,0.2812,0.3598,0.3587,0.2583,0.4022,0.5523,0.2254,1.3522,0.7974,0.3976,0.2869,0.2738,0.2497,0.3016,0.3684,0.2461,0.2276,0.223,0.2235,1.3008,0.7446,0.3392,0.2477,0.2213,0.2253,0.3122,0.4124,0.2407,0.222,0.222,0.2223
12,39600.092,30,1.428,1.1326,0.4645,0.2708,0.2255,0.2197,0.3121,0.4205,0.2565,0.2275,0.2242,0.2237,1.4703,1.0457,0.5386,0.3376,0.283,0.2273,0.3209,0.4003,0.2662,0.2286,0.2268,0.2238,1.4877,1.1071,0.5513,0.3105,0.2837,0.2784,0.3236,0.3653,0.2682,0.2325,0.2313,0.2248,1.4752,1.1376,0.5542,0.4174,0.2681,0.2979,0.4241,0.3623,0.2684,0.2282,0.2236,0.2239,1.5063,1.1853,0.5484,0.3571,0.3071,0.2813,0.3324,0.3964,0.4157,0.4955,0.2309,0.2246,1.525,1.07,0.5367,0.3792,0.2946,0.2821,0.3546,0.3788,0.276,0.4032,0.5526,0.225,1.3917,1.0906,0.5116,0.3123,0.2794,0.2525,0.3131,0.3998,0.2584,0.2281,0.2227,0.2236,1.3909,1.0898,0.4463,0.2664,0.2233,0.2252,0.3232,0.4326,0.2508,0.2224,0.2218,0.222
13,43200.097,30,1.4816,1.2838,0.625,0.3049,0.2302,0.2203,0.3396,0.4466,0.2788,0.2285,0.2248,0.2223,1.5516,1.2132,0.6976,0.3855,0.2956,0.2284,0.3334,0.4231,0.2913,0.2303,0.2269,0.2239,1.5763,1.2332,0.709,0.3553,0.2947,0.2839,0.3406,0.3914,0.2746,0.2345,0.2314,0.2244,1.5351,1.2257,0.7032,0.4691,0.2775,0.3031,0.4376,0.3861,0.2796,0.2296,0.2237,0.2235,1.5743,1.245,0.7072,0.4051,0.3257,0.2853,0.3409,0.4129,0.4207,0.4947,0.2314,0.2242,1.5865,1.2183,0.6944,0.4275,0.3064,0.2856,0.3626,0.4084,0.2883,0.4043,0.5526,0.225,1.4541,1.1672,0.6761,0.366,0.2923,0.2554,0.3322,0.4208,0.3022,0.2296,0.2228,0.2229,1.4503,1.2134,0.5953,0.3067,0.2303,0.2252,0.3556,0.4636,0.268,0.2232,0.2216,0.222
14,46800.107,30,1.5246,1.3683,0.7744,0.4051,0.2582,0.2213,0.3636,0.4666,0.3043,0.2307,0.2238,0.2231,1.574,1.4398,0.8592,0.4915,0.3272,0.23,0.3585,0.4346,0.3006,0.2344,0.2268,0.2235,1.6195,1.4579,0.878,0.451,0.3253,0.2892,0.3464,0.4201,0.2989,0.2371,0.2311,0.2241,1.5972,1.4807,0.8638,0.5476,0.3198,0.3087,0.4691,0.409,0.2974,0.2321,0.2233,0.2233,1.6108,1.4414,0.8642,0.5019,0.3517,0.2898,0.3692,0.4274,0.4201,0.4966,0.2304,0.2239,1.6298,1.4472,0.8537,0.526,0.3454,0.2935,0.3859,0.4388,0.3117,0.409,0.554,0.2244,1.517,1.3797,0.8348,0.4652,0.3183,0.2596,0.3605,0.4463,0.3064,0.2321,0.2233,0.2229,1.5158,1.3508,0.7462,0.399,0.2618,0.2261,0.3845,0.4846,0.2977,0.2255,0.2219,0.2217
15,50400.126,30,1.5507,1.3804,1.1291,0.5231,0.281,0.2257,0.3916,0.4744,0.3176,0.2344,0.2244,0.2222,1.6145,1.6235,1.1401,0.6263,0.3463,0.2395,0.3747,0.4716,0.3034,0.2384,0.2272,0.2231,1.657,1.4728,1.1578,0.5792,0.3461,0.2997,0.3621,0.4539,0.3039,0.242,0.2314,0.2241,1.6336,1.5239,1.1779,0.6616,0.3244,0.3174,0.5044,0.4264,0.3089,0.2367,0.2237,0.2233,1.6468,1.4864,1.1505,0.616,0.3835,0.3087,0.3895,0.4516,0.4283,0.5056,0.2305,0.2236,1.6574,1.4893,1.1627,0.6468,0.3556,0.3159,0.4168,0.4687,0.3095,0.4135,0.5536,0.2248,1.5488,1.4265,1.0093,0.5948,0.3521,0.2653,0.3897,0.4755,0.3073,0.2361,0.2229,0.2228,1.5492,1.5137,1.1043,0.5123,0.2917,0.2286,0.4382,0.5097,0.2958,0.2288,0.2221,0.2217
16,54000.139,30.1,1.5764,1.4847,1.2668,0.7097,0.3303,0.249,0.4096,0.4959,0.328,0.24,0.2244,0.2216,1.6385,1.5624,1.2905,0.8071,0.4045,0.2607,0.4086,0.4805,0.3159,0.2502,0.2277,0.2228,1.6836,1.5769,1.3568,0.7711,0.4049,0.3246,0.4077,0.4605,0.3084,0.2515,0.2318,0.2239,1.6515,1.599,1.3038,0.8352,0.3716,0.3309,0.526,0.4559,0.3117,0.2455,0.2241,0.2233,1.6669,1.5637,1.1795,0.7836,0.4777,0.3249,0.4008,0.4816,0.4281,0.5091,0.2312,0.2239,1.6754,1.5717,1.3084,0.8235,0.4263,0.3349,0.4418,0.4873,0.3156,0.4269,0.5541,0.2242,1.5764,1.5234,1.2449,0.7641,0.4354,0.2739,0.4215,0.4958,0.3148,0.2422,0.2231,0.2227,1.5714,1.4956,1.2045,0.684,0.3422,0.2425,0.4609,0.5265,0.3019,0.2343,0.2224,0.2213
17,57600.144,30,1.5868,1.5624,1.3638,0.8918,0.4457,0.2712,0.4252,0.5128,0.3432,0.2524,0.2261,0.2218,1.652,1.6519,1.4497,1.0171,0.5187,0.2816,0.4299,0.4976,0.332,0.2726,0.2287,0.2231,1.7016,1.6533,1.4608,0.9492,0.517,0.3415,0.4147,0.4845,0.3193,0.2725,0.2329,0.224,1.6729,1.6675,1.4826,1.007,0.4927,0.3556,0.5395,0.4707,0.3193,0.2611,0.2251,0.2232,1.6758,1.6215,1.4288,0.9817,0.5926,0.3564,0.4156,0.5128,0.4409,0.5257,0.2313,0.2237,1.6928,1.6718,1.4677,1.034,0.5307,0.3668,0.4805,0.5003,0.323,0.4603,0.5537,0.2248,1.5997,1.5851,1.3886,0.966,0.5449,0.3076,0.4551,0.513,0.337,0.2531,0.2246,0.2229,1.5895,1.5707,1.343,0.8871,0.4492,0.2629,0.4922,0.5574,0.3248,0.2452,0.2231,0.2219
18,61200.15,30,1.5985,1.5733,1.3983,0.9778,0.5818,0.3258,0.4522,0.527,0.3605,0.2845,0.2278,0.2221,1.6631,1.6575,1.542,1.1198,0.6772,0.3487,0.4471,0.5192,0.3507,0.2727,0.2308,0.2232,1.7145,1.6691,1.5168,1.1251,0.6701,0.3891,0.4409,0.5128,0.3305,0.2929,0.2342,0.2241,1.6894,1.6943,1.5134,1.1947,0.621,0.3781,0.569,0.5235,0.3174,0.279,0.2268,0.2231,1.6868,1.6569,1.4771,1.1815,0.7667,0.4266,0.4499,0.5314,0.4518,0.564,0.232,0.2235,1.7025,1.6858,1.5242,1.2151,0.6915,0.4503,0.5131,0.5264,0.346,0.4668,0.5583,0.2246,1.6139,1.6202,1.4737,1.1152,0.7162,0.323,0.4891,0.5246,0.3659,0.2645,0.2258,0.2228,1.6116,1.5886,1.4271,1.0683,0.6004,0.2979,0.5234,0.5772,0.3587,0.263,0.2241,0.2216
19,64800.167,30,1.6094,1.6055,1.498,1.3512,0.7318,0.4263,0.4721,0.5581,0.3839,0.3043,0.2326,0.2214,1.6765,1.6916,1.6202,1.4822,0.8378,0.4764,0.4578,0.5174,0.3758,0.297,0.2338,0.2235,1.7248,1.7076,1.6091,1.4537,0.8354,0.4929,0.459,0.5085,0.3437,0.2919,0.2359,0.2242,1.7007,1.7259,1.5888,1.5043,0.8032,0.4453,0.5888,0.5219,0.3478,0.2845,0.2292,0.2227,1.695,1.6936,1.5593,1.4083,0.9082,0.5367,0.4689,0.54,0.4733,0.5779,0.236,0.2234,1.7111,1.7192,1.6083,1.4966,0.8339,0.5595,0.5444,0.5522,0.3712,0.4789,0.5624,0.2244,1.6229,1.6505,1.5467,1.3949,0.8686,0.3791,0.5177,0.5475,0.3957,0.2768,0.2281,0.2228,1.6155,1.6163,1.496,1.2608,0.7625,0.3798,0.5447,0.6214,0.3981,0.2749,0.2258,0.2213
20,68400.185,30,1.6168,1.6141,1.5471,1.4103,1.029,0.556,0.513,0.5486,0.4061,0.3078,0.2357,0.2215,1.6744,1.7116,1.6623,1.5859,1.0459,0.6358,0.4793,0.5324,0.3959,0.3062,0.2392,0.2244,1.7312,1.7287,1.6578,1.6156,1.074,0.6309,0.4776,0.5279,0.368,0.3023,0.2401,0.2246,1.7091,1.7404,1.653,1.7067,1.0161,0.5578,0.5946,0.5481,0.3738,0.2964,0.2342,0.2227,1.6986,1.7113,1.6358,1.492,1.1726,0.7063,0.4923,0.5651,0.501,0.5957,0.2394,0.2238,1.7141,1.74,1.6683,1.5286,0.9325,0.7406,0.5799,0.5697,0.3994,0.4898,0.5691,0.2246,1.6317,1.6749,1.5908,1.491,0.9555,0.4796,0.5421,0.6037,0.4263,0.2887,0.2327,0.2232,1.6179,1.6322,1.5577,1.3711,1.0265,0.4903,0.5764,0.6314,0.4272,0.2799,0.2295,0.2216
21,72000.205,30,1.6157,1.62,1.5948,1.434,1.4226,0.7152,0.5296,0.6097,0.4353,0.3203,0.2448,0.2217,1.6797,1.7232,1.6963,1.5707,1.3085,0.7979,0.5032,0.5649,0.4269,0.3163,0.2496,0.2253,1.7321,1.7375,1.7005,1.524,1.3001,0.7812,0.5047,0.5763,0.4021,0.3093,0.2463,0.2248,1.709,1.7516,1.6855,1.5891,1.2132,0.7075,0.6166,0.5675,0.398,0.3053,0.2425,0.2232,1.7015,1.7299,1.6532,1.5419,1.3778,0.8569,0.5306,0.5892,0.5281,0.6149,0.2434,0.2236,1.711,1.7503,1.6989,1.5689,1.24,0.8867,0.6019,0.6246,0.4349,0.4917,0.5895,0.2257,1.6333,1.6894,1.6354,1.498,1.2654,0.6359,0.5764,0.633,0.4543,0.2999,0.2395,0.2228,1.6159,1.6424,1.5923,1.4344,1.2031,0.664,0.6073,0.5864,0.4522,0.2957,0.2354,0.2216
22,75600.215,30,1.6185,1.6317,1.614,1.499,1.3749,0.9948,0.5658,0.6074,0.4685,0.3407,0.2588,0.222,1.6738,1.7306,1.7215,1.6569,1.4512,0.9797,0.5358,0.6185,0.4454,0.3333,0.269,0.2266,1.732,1.7476,1.7286,1.6086,1.4617,0.9659,0.5332,0.6183,0.4396,0.3204,0.2579,0.2255,1.7113,1.7605,1.7116,1.6656,1.4669,0.8595,0.6253,0.633,0.4426,0.323,0.2562,0.2236,1.6985,1.7367,1.6812,1.6251,1.5285,1.0778,0.5583,0.6547,0.5644,0.6201,0.2546,0.2243,1.7089,1.7657,1.7271,1.6415,1.4649,1.0514,0.6335,0.6372,0.4695,0.5066,0.6115,0.2262,1.6349,1.6992,1.6629,1.5528,1.4382,0.7862,0.6049,0.5523,0.489,0.3139,0.2505,0.2238,1.6143,1.6543,1.6196,1.5115,1.3156,0.8098,0.6301,0.641,0.4918,0.322,0.2453,0.2227
23,79200.233,30,1.6166,1.6345,1.6264,1.5332,1.4755,1.2212,0.5802,0.5683,0.5034,0.3524,0.2886,0.2219,1.6662,1.736,1.7396,1.6631,1.5025,1.2341,0.5707,0.5598,0.4775,0.3397,0.2788,0.2292,1.7254,1.7542,1.7416,1.6263,1.4803,1.5227,0.5611,0.5521,0.4753,0.3364,0.2834,0.2266,1.7053,1.7721,1.729,1.6805,1.4575,1.1044,0.6539,0.5785,0.4637,0.3381,0.2878,0.2237,1.6927,1.7453,1.6956,1.6548,1.5429,1.3224,0.5843,0.6039,0.5988,0.6486,0.2795,0.2245,1.7046,1.7733,1.7431,1.6685,1.4851,1.3097,0.6683,0.5982,0.5002,0.5213,0.6239,0.2277,1.6302,1.7033,1.6813,1.5958,1.4763,1.0718,0.6367,0.5843,0.5197,0.3402,0.2926,0.224,1.6097,1.6569,1.6364,1.5415,1.406,1.1077,0.6712,0.6594,0.529,0.3512,0.2615,0.2233
24,82800.243,30.1,1.6119,1.6367,1.64,1.5731,1.4812,1.3394,0.629,0.5984,0.5174,0.3833,0.2952,0.2226,1.6604,1.7402,1.7552,1.7021,1.5855,1.4098,0.5902,0.5628,0.5297,0.3648,0.2901,0.2352,1.7199,1.7585,1.7574,1.6709,1.5702,1.4158,0.5858,0.5768,0.5006,0.3497,0.2841,0.2297,1.7045,1.7767,1.7444,1.7152,1.5553,1.2748,0.6741,0.5706,0.5011,0.3568,0.2847,0.2246,1.6861,1.7497,1.7065,1.6944,1.6374,1.4707,0.6097,0.5809,0.6206,0.6766,0.28,0.2264,1.6993,1.7783,1.7533,1.7087,1.564,1.4679,0.7049,0.595,0.5257,0.5443,0.6325,0.231,1.6285,1.7101,1.698,1.6299,1.5618,1.3283,0.678,0.6253,0.5455,0.3789,0.3065,0.2254,1.5997,1.6563,1.6506,1.5744,1.4736,1.2704,0.7025,0.6697,0.5505,0.3845,0.3095,0.2249
25,86400.262,30,1.6072,1.6338,1.6477,1.5954,1.56,1.4103,0.6674,0.6374,0.5479,0.4014,0.3033,0.2242,1.652,1.7412,1.769,1.7244,1.6581,1.4504,0.6099,0.5859,0.5285,0.4113,0.2998,0.2452,1.7134,1.7578,1.7693,1.6911,1.6412,1.5127,0.6192,0.5849,0.5244,0.3756,0.2959,0.234,1.6977,1.782,1.7518,1.734,1.6421,1.5,0.7186,0.5926,0.5299,0.3848,0.2871,0.2265,1.6787,1.7553,1.7152,1.7175,1.6821,1.4981,0.6369,0.5948,0.6385,0.7025,0.2964,0.2286,1.6932,1.7695,1.767,1.7341,1.627,1.4949,0.7672,0.622,0.5634,0.5709,0.6422,0.2359,1.6223,1.7151,1.7134,1.6491,1.607,1.3869,0.682,0.6475,0.584,0.4157,0.303,0.2279,1.5777,1.6503,1.6555,1.5973,1.5234,1.3963,0.6565,0.7212,0.5892,0.4454,0.3082,0.2279
,,,,,,,,,,,,,,,,,,,,,,,,,,,,,,,,,,,,,,,,,,,,,,,,,,,,,,,,,,,,,,,,,,,,,,,,,,,,,,,,,,,,,,,,,,,,,,,,,,
GFP 80,,,,,,,,,,,,,,,,,,,,,,,,,,,,,,,,,,,,,,,,,,,,,,,,,,,,,,,,,,,,,,,,,,,,,,,,,,,,,,,,,,,,,,,,,,,,,,,,,,
Cycle Nr.,Time [s],Temp. [°C],A1,A2,A3,A4,A5,A6,A7,A8,A9,A10,A11,A12,B1,B2,B3,B4,B5,B6,B7,B8,B9,B10,B11,B12,C1,C2,C3,C4,C5,C6,C7,C8,C9,C10,C11,C12,D1,D2,D3,D4,D5,D6,D7,D8,D9,D10,D11,D12,E1,E2,E3,E4,E5,E6,E7,E8,E9,E10,E11,E12,F1,F2,F3,F4,F5,F6,F7,F8,F9,F10,F11,F12,G1,G2,G3,G4,G5,G6,G7,G8,G9,G10,G11,G12,H1,H2,H3,H4,H5,H6,H7,H8,H9,H10,H11,H12
1,0,27.9,12521,12422,12511,12498,12547,12369,12462,12421,12536,12705,12620,12701,13108,12786,12771,12777,12758,12770,12808,12693,12779,12710,12692,12782,12872,12700,12742,12780,12794,12781,12626,12705,12567,12815,12801,12673,13050,12809,12661,12694,12791,12805,11143,12676,12710,12678,12714,12701,12940,12834,12604,12934,12306,12863,12928,12419,10971,9296,12644,12657,12738,12659,12747,12729,12753,12556,12758,12482,12480,10351,8835,12598,12963,12616,12662,12632,12600,12590,12497,12551,12557,12620,12620,12672,12932,12668,12642,12650,12579,12734,12615,12501,12542,12454,12559,12582
2,3600,30,12421,12163,12169,12163,12206,12128,12136,11995,12088,12170,12250,12265,12846,12491,12334,12466,12338,12392,12443,12213,12304,12268,12281,12280,12725,12447,12395,12335,12530,12416,12383,12351,12213,12370,12315,12329,12916,12491,12445,12320,12547,12509,10827,12335,12409,12317,12457,12399,12881,12396,12462,12467,11962,12530,12574,12056,10670,9019,12266,12299,12494,12383,12515,12400,12435,12383,12398,12190,12106,9930,8493,12333,12770,12362,12389,12416,12395,12306,12340,12189,12175,12303,12250,12302,12851,12337,12368,12300,12192,12274,12198,12121,12240,12141,12080,12341
3,7200.006,30,13195,12312,12409,12287,12322,12237,12226,12034,12218,12438,12315,12430,13320,12633,12488,12510,12479,12513,12497,12339,12456,12387,12383,12405,13164,12509,12412,12462,12594,12553,12538,12198,12271,12543,12480,12440,13382,12693,12542,12387,12691,12587,10881,12318,12472,12536,12543,12371,13427,12635,12471,12486,12065,12635,12631,12179,10729,9116,12421,12402,13037,12606,12583,12513,12543,12335,12497,12270,12166,10151,8520,12508,13326,12538,12464,12398,12336,12389,12320,12193,12405,12354,12309,12322,13156,12357,12420,12471,12369,12394,12355,12156,12218,12257,12333,12318
4,10800.02,30,13446,12566,12586,12518,12510,12368,12403,12180,12390,12589,12590,12593,13700,12830,12745,12689,12630,12661,12681,12465,12567,12565,12558,12621,13684,12709,12678,12729,12720,12563,12641,12252,12516,12665,12826,12576,13807,12825,12841,12576,12713,12728,11058,12354,12678,12608,12549,12589,13809,12734,12540,12687,12185,12642,12720,12157,10813,9192,12448,12546,13287,12698,12702,12692,12683,12607,12552,12363,12352,10048,8626,12575,13739,12749,12578,12557,12631,12462,12406,12300,12461,12549,12404,12542,13685,12767,12718,12649,12459,12610,12527,12217,12358,12436,12439,12457
5,14400.036,30,13922,12752,12670,12593,12571,12561,12442,12097,12501,12572,12738,12683,14284,13001,12626,12875,12728,12709,12681,12321,12715,12572,12585,12636,14004,12840,12671,12758,12817,12763,12649,12328,12577,12604,12667,12687,14158,12966,12789,12573,12753,12915,11100,12341,12771,12765,12644,12663,14268,12927,12741,12909,12341,12773,12820,12189,10954,9129,12650,12674,13808,13008,12872,12732,12817,12743,12702,12387,12495,10160,8721,12780,14226,12878,12843,12683,12721,12745,12517,12455,12664,12742,12706,12704,14520,12872,12710,12598,12656,12761,12617,12319,12718,12536,12640,12683
6,18000.042,30,15194,13502,12887,12826,12917,12776,12669,12277,12803,12913,12850,12960,15388,13433,13108,13035,13062,13013,12936,12512,12964,12903,12853,12876,15249,13634,13138,13100,13049,13053,12910,12556,12829,13054,13030,13016,15409,13664,13142,12979,13158,13204,11359,12525,12984,13099,13006,13058,15368,13550,13078,13158,12412,13038,13033,12219,11097,9328,12964,13044,14885,13518,13114,13107,13059,13012,12906,12536,12687,10395,8772,12987,15361,13538,12932,12942,12865,12818,12639,12459,12720,12838,12832,12841,15981,13451,12883,12901,12810,12860,12832,12310,12766,12611,12703,12836
7,21600.048,30.1,17335,13436,13061,12977,12921,12859,12774,12205,12834,12917,13061,13064,17280,13514,13173,13121,13053,13046,12984,12569,12906,12928,12858,12986,16981,13656,13153,13067,13046,13045,12903,12601,13015,13049,13058,12993,17068,13709,13237,12997,13048,13161,11240,12488,13044,13084,13005,12968,17217,13652,13039,13091,12606,13307,13063,12152,11188,9351,13020,13003,16560,13608,13144,13162,13070,12997,12844,12478,12690,10475,8725,13072,17024,13648,13164,12944,12855,12888,12720,12458,12808,12808,12848,12837,17623,13613,13013,12958,12849,12875,12869,12482,12864,12704,12883,12776
8,25200.066,30,19905,13854,13270,12958,13010,12851,12772,12294,12777,12992,12980,13085,19874,14249,13494,13243,13121,13126,12997,12493,12977,13011,13022,13109,19852,13963,13304,13194,13080,13106,12887,12553,12921,13130,13168,13140,19682,14169,13512,13098,13362,13247,11347,12660,13175,13096,13137,13159,19945,14083,13482,13336,12643,13280,13107,12122,11353,9487,13077,13156,18853,14020,13428,13170,13134,13181,12965,12525,12907,10546,8955,13147,19642,14175,13324,13016,13116,13073,12748,12486,12836,12971,13107,12933,20222,14290,13267,13113,12923,13075,12861,12429,12854,12893,12981,13011
9,28800.071,30.1,29171,14844,13809,13061,13080,12957,12744,12168,12947,13051,13066,13127,29889,15158,13774,13309,13170,13091,12873,12414,13112,13043,13037,13111,26004,15128,13804,13239,13269,13092,12874,12502,12949,13232,13225,13179,23885,15081,13929,13158,13353,13312,11188,12497,13081,13201,13134,13151,30739,14965,13718,13326,12651,13224,12972,12177,11231,9443,13025,13002,28488,14900,13872,13362,13118,13000,12802,12326,12962,10473,8862,13160,21891,15329,13575,13136,13147,12965,12735,12322,12897,13039,13095,13051,23158,15426,13427,13125,12921,13088,12818,12432,12953,12949,12992,13002
10,32400.079,30.1,35737,16693,13973,13391,13347,13192,12701,12191,13040,13107,13253,13249,35363,16979,13968,13510,13296,13291,12988,12528,13150,13152,13182,13223,32316,16915,13977,13498,13428,13386,12998,12549,13165,13273,13330,13332,32014,16696,14010,13350,13421,13492,11253,12619,13255,13242,13424,13305,38165,16527,14090,13661,12914,13450,13054,12166,11323,9471,13319,13180,37849,16605,14074,13478,13378,13308,13067,12424,13033,10553,9032,13262,46211,16861,14067,13393,13303,13174,12791,12436,13069,13197,13152,12987,34764,17060,14049,13553,13096,13273,12936,12366,13131,13086,13145,13299
11,36000.085,30,38462,19258,14525,13972,13344,13246,12754,12253,13184,13186,13337,13267,40232,19595,14555,14153,13407,13415,12927,12505,13365,13291,13273,13316,35326,19675,14423,14061,13486,13369,12964,12574,13145,13431,13403,13400,37248,19369,14605,14003,13600,13489,11282,12541,13306,13391,13467,13357,42566,19098,14631,13987,13045,13506,12984,12169,11619,9637,13301,13395,39759,19229,14614,13896,13544,13246,12888,12440,13062,10568,9024,13406,37589,19682,14662,13658,13377,13206,12754,12499,13140,13200,13209,13154,35668,19613,14750,13658,13203,13326,12884,12345,13061,13103,13160,13132
12,39600.092,30,41522,24920,15641,13784,13485,13212,12686,12175,13144,13289,13415,13398,41856,22114,15785,14059,13498,13389,12963,12477,13241,13192,13269,13365,39469,23383,15717,14109,13668,13491,13004,12403,13228,13392,13431,13399,40816,23493,15984,14040,13712,13549,11265,12532,13264,13408,13409,13406,44390,24710,15989,14212,13130,13584,13034,12255,11434,9522,13336,13517,42552,22562,15792,14169,13553,13430,12929,12552,13019,10725,9032,13449,40252,23352,15905,13970,13475,13326,12735,12390,13098,13273,13150,13308,39477,25355,15877,13974,13371,13154,12858,12364,13156,13180,13119,13203
13,43200.097,30,44514,46837,17585,14264,13675,13217,12738,12133,13165,13382,13422,13516,44727,38958,17921,14425,13784,13447,12877,12458,13251,13349,13385,13483,43039,40305,17629,14461,13783,13563,12843,12507,13087,13483,13453,13477,44985,39042,17906,14456,13911,13719,11144,12521,13406,13525,13485,13437,47652,37356,17868,14492,13318,13664,13034,12105,11451,9655,13482,13431,45448,37198,17697,14670,13864,13705,12967,12462,13044,10736,9105,13527,44166,34370,17881,14439,13861,13310,12751,12413,13059,13285,13353,13379,44328,39910,18148,14663,13690,13476,12925,12512,13235,13133,13284,13392
14,46800.107,30,48467,37752,20350,15007,14207,13340,12652,12075,13041,13431,13497,13551,47673,37542,20568,15406,14167,13581,12762,12370,13273,13427,13302,13458,46555,37332,20376,15372,14252,13484,12759,12434,13087,13564,13509,13579,48670,39252,20338,15305,14379,13584,11036,12412,13126,13468,13502,13477,51078,37253,20387,15247,13731,13739,12898,12154,11503,9646,13529,13460,48098,36035,20223,15345,13957,13706,12785,12293,13005,10642,9020,13389,47413,36640,20453,15240,14028,13362,12578,12356,13028,13345,13326,13280,48305,37873,20983,15540,13753,13428,12772,12330,13287,13290,13227,13352
15,50400.126,30,51239,40736,25913,16365,14099,13481,12488,12113,13046,13490,13421,13465,51178,50416,27039,16962,14217,13732,12720,12376,13147,13383,13422,13479,49247,41618,27264,16812,14227,13879,12833,12352,13087,13531,13515,13534,51605,43973,26548,16804,14212,13757,10938,12397,13294,13458,13427,13438,54322,40264,24051,16600,13944,13895,13002,12096,11380,9661,13589,13515,51341,39379,28049,16784,14240,13988,12756,12308,13043,10718,9153,13715,50772,42429,27437,16938,14390,13520,12703,12314,13138,13407,13297,13432,51691,46024,27910,16984,14323,13680,12719,12403,13135,13150,13305,13413
16,54000.139,30,54388,45420,37425,18979,14654,14095,12655,12182,13084,13479,13498,13696,54195,48516,34995,19664,14592,14133,12749,12385,13156,13531,13484,13643,52483,46500,35325,19516,14852,14210,12839,12453,13088,13633,13748,13610,55030,48698,38450,19341,14824,14168,11093,12373,13361,13532,13679,13680,57924,44984,33484,19051,14545,14188,12986,12152,11389,9609,13567,13573,54350,43267,35787,19102,14759,14173,12890,12286,12980,10726,9127,13622,54022,45767,34753,19421,15108,13684,12612,12321,13126,13431,13453,13517,55260,47283,36202,19972,15114,13891,12748,12336,13184,13382,13492,13473
17,57600.144,29.9,57208,49653,39942,21472,15652,14250,12650,12250,13055,13588,13745,13738,57667,52725,40828,22446,15870,14410,12845,12420,13131,13524,13695,13683,54804,51105,39267,22367,15859,14408,12967,12480,13214,13740,13788,13655,58042,52759,39837,22245,15678,14278,11091,12459,13403,13774,13724,13906,60323,48820,37646,22098,15586,14556,13001,12084,11376,9777,13610,13818,57780,47982,39671,22241,15916,14631,12859,12367,13019,10801,9238,13847,57280,49790,38848,21684,16274,14327,12523,12345,13066,13504,13633,13509,59082,51834,39231,22559,16324,14201,12744,12356,13175,13461,13564,13573
18,61200.15,30,59727,53496,41489,37017,17572,14516,12659,12247,13096,13483,13746,13711,59639,55399,44674,40745,17901,14975,12857,12402,13191,13569,13645,13779,57699,55267,41452,39224,17870,14755,12827,12414,13131,13483,13677,13701,60262,56513,43882,39521,17444,14381,11088,12342,13229,13559,13651,13774,62475,51671,41736,35349,17677,15124,12880,12103,11299,9623,13603,13799,60154,50340,42709,36566,17813,15044,12734,12262,12808,10654,9135,13648,59695,52857,42330,34397,18383,14169,12453,12168,12899,13399,13430,13472,60830,54173,43366,33195,18525,14619,12675,12271,12999,13280,13459,13518
19,64800.167,30,61824,55736,45718,37741,20481,15389,12549,12196,12970,13419,13675,13728,62703,57964,48155,40164,20737,16175,12826,12307,13021,13420,13627,13743,60637,59028,45848,39242,20633,15565,12830,12450,13095,13650,13726,13800,63518,59099,48120,38172,19977,14865,11031,12483,13234,13607,13777,13740,65988,54484,46536,36745,20254,16247,12895,11985,11273,9692,13616,13714,62386,53403,47650,36299,20183,16397,12678,12350,12863,10697,9150,13784,62575,56649,46090,37832,21034,14785,12513,12249,12816,13400,13492,13467,63209,56917,47625,36947,21703,15350,12638,12240,13062,13389,13519,13517
20,68400.185,30,63779,58681,49528,45470,25682,17163,12498,12187,13018,13427,13699,13702,64596,60532,52067,53643,28039,18370,12709,12344,13015,13481,13719,13766,62875,61401,50090,54315,27029,17476,12703,12397,13007,13475,13738,13779,65808,62546,51285,54225,22386,15948,10963,12401,13167,13540,13834,13804,68055,57311,50089,41360,27995,18445,12885,12021,11211,9628,13733,13687,64974,55881,51868,42821,24873,19078,12788,12325,12780,10729,9161,13847,64890,59994,50161,48075,26672,15769,12412,12186,12932,13415,13567,13484,65785,59664,52181,40761,29933,16881,12631,12374,12864,13276,13581,13665
21,72000.205,30,OVER,61390,53046,47230,49233,19988,12596,12161,12946,13335,13788,13773,66725,63288,55346,50357,36254,20914,12721,12308,13018,13427,13690,13792,65424,63959,53686,49544,35870,20216,12736,12399,13028,13573,13774,13869,68042,65247,54884,49557,40338,18125,11029,12383,13107,13602,13797,13795,OVER,59496,53753,44633,36871,20958,12813,12098,11244,9603,13748,13880,67465,58473,55660,44603,33728,21876,12723,12259,12757,10801,9224,13788,67215,62367,53892,47977,35278,17862,12527,12335,12903,13333,13631,13700,67574,63544,55673,45120,33930,19396,12565,12359,13013,13352,13567,13702
22,75600.215,30,OVER,64154,55955,50562,40634,25611,12481,12117,12900,13228,13795,13783,OVER,65694,58333,54864,39958,28741,12646,12268,12904,13255,13676,13704,67213,67116,56664,53421,39154,25027,12657,12242,12896,13456,13766,13779,OVER,67850,58279,53664,38768,20682,10931,12346,13000,13413,13824,13810,OVER,62627,56090,47845,40225,28942,12740,12024,11089,9568,13739,13825,OVER,62179,59088,48411,38759,34677,12594,12264,12668,10552,9160,13769,OVER,65721,57113,51379,40430,20352,12532,12319,12703,13273,13527,13571,OVER,66260,59078,48862,37430,22030,12571,12249,12850,13231,13477,13568
23,79200.233,30,OVER,OVER,58413,55452,45192,45266,12573,12286,12880,13506,13641,13901,OVER,OVER,61793,59069,42372,36715,12640,12484,12943,13442,13686,13805,OVER,OVER,59972,58307,41940,46355,12777,12535,12870,13478,13773,13862,OVER,OVER,61420,57431,44104,28103,10936,12544,13079,13447,13751,13891,OVER,66448,59267,51988,44877,37021,12740,12147,11125,9512,13834,13845,OVER,65084,62723,52067,42071,37382,12723,12404,12655,10663,9256,14014,OVER,68421,60181,55783,44118,28529,12443,12281,12927,13275,13585,13721,OVER,68256,62160,52609,42083,36308,12606,12383,12936,13288,13539,13853
24,82800.243,30.1,OVER,OVER,61061,58325,48599,38898,12441,12290,12834,13179,13676,13940,OVER,OVER,64534,61963,46842,41814,12620,12456,12927,13315,13645,13834,OVER,OVER,63128,60977,46637,37692,12641,12515,12745,13387,13808,13961,OVER,OVER,64326,61312,46949,32896,10868,12429,12864,13393,13777,13826,OVER,68437,62034,54888,48511,40648,12735,12241,11056,9513,13733,13841,OVER,67380,65424,55048,46701,41908,12754,12221,12632,10681,9148,13910,OVER,OVER,62751,59316,47420,37828,12475,12273,12753,13292,13512,13724,OVER,OVER,65835,55623,45854,38702,12654,12261,12912,13227,13599,13774
25,86400.262,30.1,OVER,OVER,63764,60692,52163,41757,12446,12162,12741,13118,13567,13901,OVER,OVER,67209,64999,50783,46908,12502,12309,12831,13159,13576,13774,OVER,OVER,65557,64403,50815,41942,12627,12325,12772,13413,13682,13869,OVER,OVER,66969,63713,50413,40271,10839,12329,12892,13171,13627,13895,OVER,OVER,65217,57711,52005,44222,12535,12069,10877,9421,13590,13820,OVER,OVER,67813,58100,50347,45544,12524,12285,12565,10496,9086,13761,OVER,OVER,66577,61821,51616,39665,12579,12287,12700,13219,13537,13761,68854,OVER,68343,58480,49341,42431,12603,12281,12798,13229,13451,13647
,,,,,,,,,,,,,,,,,,,,,,,,,,,,,,,,,,,,,,,,,,,,,,,,,,,,,,,,,,,,,,,,,,,,,,,,,,,,,,,,,,,,,,,,,,,,,,,,,,
GFP 70,,,,,,,,,,,,,,,,,,,,,,,,,,,,,,,,,,,,,,,,,,,,,,,,,,,,,,,,,,,,,,,,,,,,,,,,,,,,,,,,,,,,,,,,,,,,,,,,,,
Cycle Nr.,Time [s],Temp. [°C],A1,A2,A3,A4,A5,A6,A7,A8,A9,A10,A11,A12,B1,B2,B3,B4,B5,B6,B7,B8,B9,B10,B11,B12,C1,C2,C3,C4,C5,C6,C7,C8,C9,C10,C11,C12,D1,D2,D3,D4,D5,D6,D7,D8,D9,D10,D11,D12,E1,E2,E3,E4,E5,E6,E7,E8,E9,E10,E11,E12,F1,F2,F3,F4,F5,F6,F7,F8,F9,F10,F11,F12,G1,G2,G3,G4,G5,G6,G7,G8,G9,G10,G11,G12,H1,H2,H3,H4,H5,H6,H7,H8,H9,H10,H11,H12
1,0,29.1,4964,4867,4883,4855,4851,4751,4789,4759,4775,4835,4877,4844,5038,4924,4890,4900,4866,4869,4916,4884,4880,4881,4871,4852,4946,4883,4861,4897,4891,4922,4862,4890,4835,4894,4852,4849,5011,4903,4888,4876,4890,4888,4285,4897,4855,4916,4891,4808,4984,4872,4877,4930,4689,4921,4929,4766,4215,3550,4812,4871,4842,4882,4903,4875,4872,4891,4895,4814,4767,3980,3378,4818,4947,4848,4866,4867,4871,4878,4755,4808,4832,4810,4838,4785,5005,4859,4777,4837,4759,4845,4820,4759,4805,4780,4781,4858
2,3600,30,4857,4707,4785,4722,4718,4715,4696,4672,4685,4762,4714,4755,4948,4768,4767,4807,4757,4735,4762,4720,4712,4780,4716,4708,4903,4760,4790,4759,4780,4784,4778,4719,4704,4744,4776,4751,4929,4789,4769,4733,4745,4813,4167,4757,4752,4743,4729,4714,4914,4756,4749,4761,4585,4760,4759,4620,4075,3466,4714,4786,4811,4794,4792,4788,4775,4744,4750,4711,4661,3779,3245,4744,4943,4774,4711,4753,4802,4718,4646,4676,4693,4699,4705,4696,4909,4744,4748,4727,4681,4736,4745,4632,4666,4677,4646,4727
3,7200.006,30,5061,4797,4795,4770,4784,4712,4756,4675,4734,4759,4766,4801,5142,4844,4823,4803,4808,4797,4797,4739,4790,4747,4769,4768,5116,4790,4839,4809,4805,4782,4796,4691,4727,4779,4785,4773,5139,4779,4794,4739,4839,4858,4153,4765,4754,4799,4790,4756,5168,4828,4761,4826,4589,4824,4803,4562,4084,3462,4744,4745,4970,4801,4837,4775,4820,4782,4796,4736,4653,3840,3271,4779,5111,4775,4788,4777,4801,4704,4703,4702,4691,4718,4745,4709,5020,4852,4782,4766,4713,4745,4770,4698,4702,4651,4683,4724
4,10800.02,30,5224,4804,4913,4854,4884,4823,4834,4701,4783,4882,4844,4882,5251,4940,4882,4855,4880,4863,4855,4760,4827,4856,4854,4866,5243,4902,4877,4912,4878,4871,4895,4750,4776,4896,4876,4844,5300,4913,4907,4826,4898,4876,4265,4769,4863,4865,4856,4844,5282,4886,4876,4932,4660,4879,4895,4678,4219,3487,4884,4855,5103,4906,4880,4824,4847,4836,4867,4776,4743,3889,3334,4822,5293,4850,4789,4801,4858,4821,4763,4714,4806,4770,4770,4780,5206,4868,4809,4854,4794,4827,4785,4731,4774,4806,4772,4817
5,14400.036,30,5457,4919,4958,4935,4923,4853,4857,4715,4891,4922,4922,4935,5492,4991,4933,4969,4918,4915,4922,4762,4890,4887,4896,4911,5392,4982,4914,4939,4968,4943,4866,4788,4862,4936,4919,4907,5499,5007,4920,4884,4965,4905,4289,4753,4928,4910,4880,4907,5451,5002,4926,4970,4720,4945,4933,4695,4225,3528,4867,4872,5346,4952,4971,4939,4928,4884,4897,4747,4835,3939,3329,4943,5443,4934,4866,4855,4876,4817,4795,4748,4892,4843,4841,4829,5531,4989,4889,4893,4804,4858,4844,4708,4809,4820,4818,4829
6,18000.042,30,5934,5177,5017,4960,4967,4939,4902,4708,4872,4986,4962,4963,5912,5086,4988,5007,4954,4971,4935,4767,4964,4962,4967,4983,5826,5191,5018,4963,4959,4948,4941,4793,4918,5003,4944,4953,5869,5158,4987,4937,4958,5044,4275,4790,4938,4916,4932,4927,5891,5157,4979,4961,4761,4963,4964,4670,4262,3549,4891,4906,5690,5153,4983,4969,4944,4970,4911,4800,4827,3928,3345,4933,5853,5167,4934,4968,4915,4892,4815,4781,4880,4906,4921,4898,6053,5121,4910,4953,4875,4970,4870,4738,4879,4851,4873,4892
7,21600.048,30,6770,5195,5066,4995,5015,4920,4946,4699,4908,4989,5006,5026,6632,5255,5015,4983,4970,5009,4912,4791,4985,4981,5009,4956,6576,5253,4987,5021,5020,5002,4904,4813,4946,5036,4934,4999,6604,5260,5062,5007,5037,5040,4305,4786,5018,5019,4990,4978,6650,5239,5004,5050,4824,4999,4983,4681,4298,3598,5010,4987,6286,5194,5094,5016,5020,4951,4942,4780,4912,3983,3372,4988,6430,5227,4964,4976,5010,4950,4905,4771,4876,4992,4896,4935,6767,5173,5017,4982,4896,4960,4946,4773,4935,4888,4905,4921
8,25200.066,30,7664,5390,5138,5012,5076,5023,4912,4721,4992,5083,5029,5002,7609,5420,5167,5094,5053,5036,4958,4775,5019,4987,5020,5017,7605,5442,5154,5098,5102,5029,4932,4826,4944,5069,5031,5048,7467,5392,5165,4980,5045,5097,4350,4806,5046,5014,5006,5036,7567,5365,5160,5141,4846,5071,5032,4680,4291,3616,5002,5010,7291,5327,5180,5068,5039,5005,4925,4761,4899,4021,3412,5030,7446,5422,5079,5008,4988,4986,4871,4782,4971,4990,4950,4948,7750,5453,5071,4995,4924,5009,4952,4730,4901,4972,4958,4981
9,28800.071,30,13270,5822,5349,5080,5047,5049,4982,4721,5002,5043,5056,5059,12454,5875,5321,5115,5093,5096,4966,4798,5074,5052,5030,5041,10759,5873,5302,5070,5095,5077,4958,4776,4983,5070,5078,5080,9714,5801,5354,5082,5137,5123,4363,4848,5094,5037,5087,5045,12476,5816,5224,5089,4851,5159,5004,4679,4288,3633,4999,5037,11232,5770,5312,5045,5091,5063,4963,4769,4925,4029,3425,5035,8404,5857,5201,5062,5095,4997,4896,4754,4968,4988,4977,5013,9129,5953,5201,5052,4985,5012,4880,4736,5001,4937,4951,4978
10,32400.079,30,14491,6484,5403,5204,5123,5078,4952,4733,5051,5102,5108,5107,13939,6489,5400,5207,5125,5109,4971,4831,5065,5040,5104,5147,12787,6476,5351,5188,5104,5080,4944,4812,5039,5106,5086,5065,12567,6470,5414,5112,5140,5134,4368,4811,5077,5150,5170,5072,15129,6401,5388,5199,4908,5124,4996,4651,4369,3649,5084,5105,14700,6413,5376,5178,5128,5075,4994,4778,5015,4073,3463,5086,17047,6543,5376,5122,5063,5030,4867,4794,4983,5024,5067,5023,13456,6546,5316,5135,5019,5116,4931,4730,4980,5005,5065,5002
11,36000.085,30,16014,7487,5626,5357,5142,5083,4909,4700,5053,5157,5139,5171,15926,7468,5585,5384,5176,5132,4994,4759,5093,5117,5134,5179,14366,7555,5541,5409,5184,5174,5042,4821,5054,5136,5150,5116,14420,7348,5593,5342,5198,5157,4332,4843,5076,5167,5135,5142,17091,7332,5627,5348,4980,5189,5059,4689,4394,3650,5114,5136,15812,7479,5595,5301,5159,5119,4937,4822,4991,4085,3445,5100,14517,7493,5627,5276,5126,5109,4843,4746,5020,5055,5069,5057,13901,7642,5648,5230,5065,5088,4928,4716,5028,5032,5047,5048
12,39600.092,30,16836,10440,6112,5378,5216,5131,4998,4730,5082,5135,5150,5193,16381,8428,6119,5417,5162,5179,4974,4813,5116,5111,5189,5169,15346,9395,6035,5446,5230,5144,4988,4803,5049,5177,5135,5178,16066,9491,6070,5300,5169,5209,4318,4809,5150,5164,5111,5147,17259,9554,6070,5358,4992,5135,4954,4586,4361,3663,5101,5137,16635,8698,6123,5409,5123,5122,4991,4793,4961,4083,3446,5098,15641,9190,6044,5344,5212,5098,4844,4705,5014,5063,5028,5018,15451,9811,6121,5348,5089,5119,4954,4750,5039,5028,5062,5046
13,43200.097,30,18017,17861,6948,5545,5327,5142,4929,4726,5109,5226,5194,5198,17678,15403,6944,5585,5270,5209,4967,4768,5091,5125,5189,5207,16879,15744,6870,5578,5299,5228,4998,4797,5090,5208,5181,5189,17251,15466,6840,5529,5310,5216,4367,4840,5133,5189,5217,5168,18896,14742,6931,5587,5125,5247,5003,4635,4424,3678,5112,5188,17575,14309,6820,5566,5264,5202,4988,4761,4995,4105,3502,5232,17117,13659,6930,5534,5255,5120,4826,4774,4998,5135,5124,5087,17019,15232,6978,5572,5214,5113,4916,4707,5011,5042,5102,5107
14,46800.107,30.1,19268,14884,7859,5815,5398,5200,4892,4701,5047,5166,5184,5169,18742,14540,7911,5876,5442,5229,4939,4741,5055,5120,5174,5202,18052,14500,7823,5928,5439,5188,4928,4736,5044,5127,5152,5153,18910,15200,7775,5819,5467,5202,4245,4761,5070,5143,5198,5202,20083,14337,7737,5858,5218,5294,4938,4630,4357,3692,5103,5179,18745,13965,7753,5795,5376,5232,4902,4712,4975,4070,3473,5165,18330,14151,7845,5871,5346,5110,4833,4716,5014,5083,5146,5160,18707,14712,8009,6000,5306,5132,4879,4698,4985,5094,5088,5114
15,50400.126,30,20568,17048,11431,6384,5505,5245,4911,4660,5077,5189,5270,5233,20082,19468,11361,6612,5491,5335,4920,4760,5102,5216,5209,5248,19139,16992,11362,6493,5483,5308,4918,4749,4985,5221,5160,5205,20271,18013,10562,6411,5473,5303,4230,4813,5084,5214,5213,5176,21200,16043,9483,6331,5349,5394,4973,4647,4404,3692,5174,5190,20003,15744,11260,6410,5466,5351,4927,4714,4979,4148,3501,5210,19839,16752,10885,6512,5500,5189,4854,4692,5006,5131,5123,5106,20133,18203,10939,6550,5454,5221,4847,4684,5037,5111,5119,5165
16,54000.139,30.1,21336,18216,15254,7347,5655,5417,4902,4724,5068,5238,5252,5276,21234,18943,14176,7560,5644,5470,4908,4819,5070,5215,5233,5281,20416,18162,14172,7503,5700,5412,4935,4761,5038,5218,5230,5261,21472,18851,15191,7486,5668,5412,4240,4764,5141,5251,5277,5215,22383,17602,13394,7296,5539,5484,4959,4629,4392,3691,5182,5262,21251,16652,13981,7368,5673,5414,4942,4713,4993,4141,3528,5269,21090,17825,13429,7462,5741,5257,4835,4726,4996,5123,5118,5159,21387,18399,14127,7604,5767,5309,4865,4744,5025,5085,5139,5157
17,57600.144,30,22712,20062,15986,8241,6057,5516,4917,4728,5026,5253,5317,5264,22157,20703,16271,8565,6111,5549,4931,4753,5066,5285,5261,5260,21368,20152,15528,8495,6067,5482,4909,4777,5052,5195,5209,5233,22477,20652,15363,8471,5983,5470,4210,4758,5092,5242,5269,5246,23538,19125,14559,8496,6019,5602,4950,4624,4385,3695,5210,5290,22366,18871,15697,8533,6043,5573,4930,4762,5006,4128,3505,5226,22106,19355,15053,8448,6225,5446,4844,4719,4975,5195,5170,5167,22774,20230,15360,8641,6250,5394,4873,4700,5055,5110,5142,5204
18,61200.15,30,23676,21108,16717,14996,6794,5582,4901,4729,5026,5158,5249,5249,23301,21523,17567,16273,6879,5732,4929,4753,5030,5156,5239,5237,22384,21316,16302,15647,6873,5629,4889,4767,4983,5239,5257,5249,23619,21805,17307,15280,6669,5547,4216,4765,5015,5189,5257,5293,24605,19949,16469,14125,6844,5798,4932,4631,4354,3697,5238,5218,23248,19297,16863,13948,6818,5821,4899,4686,4896,4117,3503,5272,23190,20584,16433,13571,7057,5498,4786,4644,4959,5203,5176,5181,23728,20974,16972,13060,7179,5649,4796,4699,5007,5131,5134,5189
19,64800.167,30,24560,22149,18361,14601,7805,5938,4860,4701,4993,5155,5289,5282,24598,22685,18980,15649,7955,6183,4929,4762,5049,5148,5290,5290,23836,22661,18020,15148,7878,5942,4893,4711,5013,5204,5264,5288,24833,23176,18648,14726,7616,5731,4226,4762,5033,5195,5244,5249,25907,21282,18092,14249,7724,6183,4896,4607,4337,3705,5239,5283,24552,20683,18426,14000,7736,6326,4844,4715,4931,4066,3537,5234,24552,22020,17955,14580,8176,5660,4817,4712,4943,5198,5207,5224,24685,22398,18567,14304,8337,5952,4844,4701,4989,5103,5168,5241
20,68400.185,30,25247,23343,19667,18559,10930,6770,4876,4671,4995,5177,5326,5300,25402,23720,20479,20685,11497,7027,4881,4720,5024,5146,5301,5301,24660,24103,19531,20724,11397,6758,4905,4753,5041,5199,5308,5265,25845,24251,20088,20581,8699,6046,4210,4760,5065,5175,5303,5306,26683,22324,19725,16810,11490,7123,4971,4647,4306,3693,5264,5280,25454,21772,20305,16940,10061,7384,4892,4727,4964,4115,3520,5264,25295,23276,19400,18516,10820,6033,4795,4692,4954,5151,5151,5229,25483,23570,20545,15950,11591,6439,4844,4739,4964,5098,5212,5211
21,72000.205,30,26367,24405,21116,18792,18495,7724,4816,4711,5043,5209,5325,5370,26157,24816,21780,19793,14964,8009,4928,4770,5041,5139,5311,5316,25547,25364,21028,19275,14507,7695,4894,4763,5012,5199,5322,5305,26811,25408,21493,19320,15653,6994,4214,4750,4992,5190,5334,5322,27467,23244,20973,17482,14447,7984,4917,4613,4323,3682,5262,5347,26463,23109,21577,17249,13217,8362,4879,4716,4917,4099,3555,5269,26391,24364,21009,18496,13899,6757,4838,4728,4935,5089,5191,5194,26449,24707,21659,17457,13195,7431,4846,4764,4995,5101,5228,5271
22,75600.215,30.1,27335,25522,22257,20159,15997,10588,4823,4693,5014,5193,5294,5325,27349,25803,22930,22002,15743,12050,4857,4697,5038,5119,5311,5318,26355,26482,22201,21474,15320,10218,4874,4781,4938,5186,5301,5309,27514,26945,22746,21234,15036,7967,4180,4751,5005,5161,5269,5289,28614,24723,21995,18819,15978,11820,4949,4639,4276,3634,5224,5320,27203,24420,23154,19075,15180,13718,4864,4754,4865,4077,3548,5297,27117,25486,22339,20094,15847,7839,4796,4752,4919,5100,5209,5238,27251,25836,23197,19197,14765,8523,4848,4739,4996,5089,5265,5219
23,79200.233,30,28010,26583,23420,21778,18420,17318,4851,4727,4973,5131,5317,5353,28084,27162,24104,23169,17019,14632,4869,4775,4997,5177,5237,5295,27452,27386,23469,22654,16721,17143,4873,4806,4996,5206,5296,5341,28631,27795,23959,22616,17344,11528,4172,4807,5054,5176,5263,5320,29090,25976,23154,20261,17724,14525,4956,4662,4261,3680,5271,5289,28053,25251,24387,20354,16584,14804,4842,4732,4869,4058,3503,5353,28388,26971,23713,21576,17314,11348,4782,4748,4903,5074,5189,5284,27989,26804,24481,20522,16494,14118,4871,4728,4988,5118,5272,5303
24,82800.243,30.1,28438,27670,24220,22990,19357,15093,4809,4750,4929,5167,5280,5354,29055,28030,25445,24274,18246,16558,4850,4784,4936,5134,5288,5373,27968,28171,24703,23970,18162,14823,4843,4797,4959,5159,5317,5327,29340,28822,24946,23763,18254,12952,4158,4765,4932,5126,5270,5319,30271,26920,24342,21595,19018,16035,4880,4666,4214,3618,5267,5321,28778,26138,25503,21448,17990,16476,4842,4685,4864,4059,3499,5316,28867,27795,24660,23007,18513,14620,4804,4682,4894,5073,5179,5281,28206,27591,25774,21674,17851,15084,4857,4723,4918,5061,5182,5249
25,86400.262,30,29651,28224,25415,24153,20780,17257,4853,4749,4939,5110,5264,5337,29412,29222,26567,25671,20139,18558,4877,4748,4906,5080,5238,5334,28693,29267,25756,25386,19924,16937,4880,4754,4922,5121,5224,5347,30102,29766,26379,25085,19980,15787,4142,4768,4972,5143,5231,5347,31016,27791,25897,22686,20459,17563,4859,4694,4239,3617,5257,5287,29754,27229,26671,22345,19566,17821,4825,4684,4874,4051,3524,5295,29479,28485,26254,24264,20016,15416,4780,4695,4864,5092,5184,5260,27085,28634,26942,22665,19359,16721,4870,4729,4933,5034,5198,5294
,,,,,,,,,,,,,,,,,,,,,,,,,,,,,,,,,,,,,,,,,,,,,,,,,,,,,,,,,,,,,,,,,,,,,,,,,,,,,,,,,,,,,,,,,,,,,,,,,,
RFP 95,,,,,,,,,,,,,,,,,,,,,,,,,,,,,,,,,,,,,,,,,,,,,,,,,,,,,,,,,,,,,,,,,,,,,,,,,,,,,,,,,,,,,,,,,,,,,,,,,,
Cycle Nr.,Time [s],Temp. [°C],A1,A2,A3,A4,A5,A6,A7,A8,A9,A10,A11,A12,B1,B2,B3,B4,B5,B6,B7,B8,B9,B10,B11,B12,C1,C2,C3,C4,C5,C6,C7,C8,C9,C10,C11,C12,D1,D2,D3,D4,D5,D6,D7,D8,D9,D10,D11,D12,E1,E2,E3,E4,E5,E6,E7,E8,E9,E10,E11,E12,F1,F2,F3,F4,F5,F6,F7,F8,F9,F10,F11,F12,G1,G2,G3,G4,G5,G6,G7,G8,G9,G10,G11,G12,H1,H2,H3,H4,H5,H6,H7,H8,H9,H10,H11,H12
1,0,30.2,16157,16150,16263,16208,16076,15832,16088,16451,16188,16344,16303,16205,16316,16159,16169,16427,16167,16277,16400,16666,16287,16250,16129,16197,16079,16203,16338,16145,16256,16235,16232,16709,16170,16327,16242,16246,16218,16171,16329,16176,16296,16427,14434,16666,16271,16162,16198,16321,16010,16072,16110,16388,15800,16252,16497,16475,14151,12185,16074,16320,15569,16226,16216,16198,16268,16078,16323,16581,15881,13406,11571,16185,16116,16256,16329,16182,16356,16212,16076,16733,16517,16244,16290,16135,16321,16161,16160,16188,16142,16143,16299,16446,16195,15916,16079,16090
2,3600,29.9,15709,16019,16037,15921,15940,15894,15939,16423,15830,15750,15951,15898,16154,16092,16033,16097,16000,15903,16232,16643,15980,15939,15901,16091,15935,15952,16173,15991,16264,15957,16104,16602,15729,16139,15888,16052,16011,16197,16050,15955,16159,16137,14185,16659,15877,16039,15904,15857,15963,16005,15833,16070,15580,16197,16202,16346,14015,11935,15922,16084,15547,16065,16128,16072,16145,15858,16060,16482,15791,13120,11295,15986,16181,16137,15909,16151,16246,15881,15799,16587,16202,15987,15959,15812,16065,16010,15775,15898,15878,16011,16121,16659,15939,15631,15805,15960
3,7200.006,30,15871,16113,16079,16133,16066,15874,16024,16951,15885,16164,16182,15948,16041,16177,16189,16239,16097,15870,16280,17444,16212,16068,16057,16111,15956,16080,16084,15958,16054,16116,16145,17513,15908,15972,16100,16092,16158,16028,16108,15927,16135,16215,14313,17311,15946,16080,15871,15924,15957,15963,15974,16144,15564,16237,16251,16618,14067,11951,15779,16117,15596,16083,16223,16049,16000,15913,15929,17410,15780,13123,11325,15957,16221,16083,16198,16056,16264,16081,15881,17143,16211,16146,16073,16094,16125,16142,16021,16042,15868,15980,16166,16881,16016,15873,15917,15955
4,10800.02,30,15995,16278,16506,16421,16217,16085,16250,17870,16228,16237,16456,16229,16328,16362,16389,16368,16337,16105,16504,18126,16394,16316,16386,16228,16243,16274,16467,16173,16442,16231,16416,18423,16339,16349,16322,16316,16247,16409,16469,16115,16485,16523,14490,18422,16313,16187,16347,16436,16141,16273,16320,16314,15882,16317,16549,17554,14335,12186,16208,16192,15806,16271,16496,16333,16302,16181,16541,17814,16022,13209,11496,16205,16343,16441,16307,16502,16388,16194,16291,18140,16607,16283,16171,16177,16324,16393,16252,16243,16154,16226,16453,17874,16188,16024,16068,16192
5,14400.036,29.9,16046,16345,16330,16534,16309,16089,16358,18325,16251,16422,16480,16299,16269,16456,16490,16442,16354,16359,16537,18551,16346,16385,16355,16301,16023,16213,16215,16333,16449,16398,16519,18235,16375,16447,16330,16309,16203,16372,16387,16174,16383,16420,14592,18705,16351,16324,16368,16305,16133,16197,16343,16283,15919,16513,16751,18267,14481,12162,16290,16299,15662,16394,16492,16272,16256,16315,16655,18051,16061,13292,11519,16358,16372,16339,16477,16355,16458,16268,16303,18264,16417,16134,16250,16268,16214,16371,16260,16149,16249,16406,16437,17991,16201,15964,16155,16227
6,18000.042,30.1,16409,16521,16681,16624,16495,16296,16735,18820,16419,16466,16592,16541,16525,16544,16660,16608,16339,16443,17124,18955,16604,16524,16356,16573,16188,16577,16469,16763,16700,16546,17035,18710,16477,16617,16344,16488,16279,16454,16622,16429,16795,16615,14821,18872,16499,16557,16609,16410,16359,16543,16558,16713,15971,16560,16964,18473,14441,12188,16425,16264,15768,16364,16600,16491,16405,16266,16786,18335,16253,13459,11562,16547,16371,16516,16654,16496,16666,16384,16508,18470,16623,16457,16438,16491,16386,16403,16271,16648,16206,16430,16622,18637,16386,16294,16321,16224
7,21600.048,30,16364,16338,16618,16496,16563,16329,16815,19161,16405,16415,16544,16559,16773,16541,16479,16545,16502,16442,17375,19105,16570,16618,16459,16617,16446,16401,16521,16640,16583,16605,17534,18891,16321,16508,16520,16412,16442,16513,16444,16223,16431,16571,15157,18858,16606,16523,16580,16523,16477,16306,16581,16458,15932,16403,17437,18809,14533,12182,16270,16374,16004,16348,16605,16515,16493,16213,17390,18441,16223,13485,11652,16566,16536,16590,16631,16509,16601,16542,16776,18813,16652,16502,16310,16236,16451,16584,16518,16393,16359,16486,16937,19006,16419,16255,16331,16314
8,25200.066,30.1,16718,16449,16746,16609,16739,16423,17599,19619,16603,16484,16622,16733,16845,16557,16664,16708,16706,16639,17454,19482,16737,16587,16625,16489,16628,16386,16462,16658,16661,16647,17593,19051,16578,16529,16656,16625,16791,16413,16665,16501,16590,16767,15486,19187,16699,16766,16713,16606,16697,16383,16576,16706,16238,16807,17739,19399,14571,12240,16561,16596,16098,16389,16803,16607,16584,16487,17918,18820,16409,13439,11605,16568,16969,16546,16661,16707,16515,16514,17561,19488,16768,16691,16411,16496,16619,16464,16558,16652,16505,16752,17219,19655,16605,16362,16357,16489
9,28800.071,30,14580,16424,16729,16757,16615,16618,17885,20149,16638,16750,16679,16772,14929,16627,16576,16699,16641,16733,17799,20104,16944,16648,16497,16615,15076,16458,16555,16793,16897,16670,17874,19506,16596,16886,16570,16597,15489,16426,16525,16558,16807,16656,16169,19453,16831,16505,16848,16747,14679,16516,16636,16543,16200,16787,18116,19806,14512,12315,16541,16602,14583,16454,16517,16542,16561,16505,17816,19356,16356,13620,11709,16576,16530,16349,16704,16660,16842,16660,17560,20300,16999,16541,16557,16643,16470,16539,16582,16710,16385,16749,17706,20525,16569,16410,16450,16548
10,32400.079,30,14638,16632,16842,16720,16721,16588,18120,20839,16786,16877,16948,16736,14741,16591,16868,16983,16726,16737,18229,20569,16862,16847,16715,16812,14885,16317,16473,16711,16881,16769,18094,20395,16797,16838,16843,16672,14789,16622,16751,16541,16837,16738,16594,19929,16905,16806,16740,16579,14444,16590,16536,16779,16498,16844,18557,20261,14842,12426,16691,16584,14262,16561,16828,16789,16777,16539,18186,20036,16606,13683,11768,16702,14313,16840,16582,16613,16884,16685,18006,20848,17023,16732,16666,16472,14861,16576,16548,16662,16568,16609,18283,21202,16770,16416,16771,16788
11,36000.085,30,14693,16930,16796,16878,16948,16570,18570,21330,16870,16849,16843,16810,14615,16926,16646,16962,16740,16768,18617,21364,17123,16693,16812,16947,14794,16788,16536,16859,16975,16825,18471,20483,17023,16829,16841,16841,14689,16942,16674,16619,16901,16924,16663,20319,17068,16732,16781,16854,14504,16735,16586,16851,16315,16943,18651,20679,14916,12415,16504,16669,14200,16652,16557,16783,16740,16641,18206,20418,16744,13690,11682,16874,14824,16744,16559,16826,16651,16842,18117,21384,17017,16680,16701,16721,15097,16782,16506,16809,16655,16939,18338,21941,16913,16723,16545,16699
12,39600.092,30.1,14675,15651,16679,16766,16903,16661,19058,21905,17334,16713,17011,16977,14940,16759,16820,16823,16707,16678,18912,22101,17394,16820,16867,16764,14827,16218,16660,16941,16780,16936,18918,21233,17342,16925,16790,16857,14749,16322,16686,16616,16862,16847,17005,20815,17376,16814,16779,16858,14569,15880,16756,16959,16075,16877,18935,21120,15420,12413,16620,16822,14109,16522,16569,16663,16753,16606,18613,21003,17001,13724,11845,16727,14774,16202,16643,16793,16788,16711,18699,22048,17344,16813,16659,16642,14780,16171,16462,16577,16740,16881,18855,22505,16997,16495,16734,16738
13,43200.097,30,14896,14558,17070,16786,16880,16613,19717,22780,17612,16966,16855,17013,14750,14682,16874,16751,16717,16801,19255,22959,17792,16913,16785,16886,14695,14592,16550,16750,17026,16846,19381,21758,17473,17018,16911,16916,14761,14717,16908,16561,16894,16953,17564,21352,17818,16776,16801,16769,14701,14732,16644,16896,16308,16840,19202,21665,15644,12433,16691,16849,14303,14563,16671,16668,16849,16541,18882,21958,17473,13731,11830,16823,14820,14983,16743,16678,16784,16862,19379,22842,18150,16788,16587,16730,14821,14621,16647,16712,16624,16839,19583,23509,17333,16636,16538,16683
14,46800.107,30,14809,14708,16944,16744,16727,16662,20052,23675,17958,16848,16870,16908,14935,14713,16878,16685,16783,16796,20024,23346,17832,16859,16836,16726,14651,14816,16799,16634,16784,16763,19750,22882,17842,17027,16811,16781,14615,14821,16887,16551,16860,16956,18278,22062,18012,16686,16752,16755,14620,14661,16718,16771,16184,16878,19944,22354,15693,12437,16690,16738,14161,14803,16850,16709,16638,16572,19258,22897,17728,13815,11695,16841,14779,14984,16853,16586,16774,16809,19963,23586,18114,16697,16777,16674,14797,15078,16897,16553,16567,16910,20672,24554,17697,16621,16578,16678
15,50400.126,29.9,14867,14847,15418,16935,16862,16631,20904,24488,18499,17036,16965,17118,14938,14633,15402,16831,16714,16746,20686,24457,18367,17079,16898,17166,14709,14768,15418,16837,16906,16967,20636,24045,18177,17110,16997,16958,14907,14804,15906,16611,17030,17010,19045,23016,18379,17120,16909,16917,14797,14785,16034,16798,16255,16984,20768,23387,16304,12651,16852,16883,14376,14653,15618,16739,16775,16787,20095,23983,17874,13816,11839,16959,14864,14862,15547,16612,16863,16868,20707,24625,18707,17020,16749,16857,14928,14784,15721,16759,16666,16920,21482,25532,18083,16782,16708,16941
16,54000.139,30.1,14904,14827,14965,17164,16898,16827,21505,25414,18980,17189,17090,16983,15064,14980,14968,17208,16858,17002,21677,25585,18580,17180,17174,17128,14817,15084,15004,16972,16984,17155,21479,24927,18449,17165,17073,17102,15024,15080,15052,17064,16847,17087,19839,24466,18633,17233,16980,16908,14984,15049,15076,17037,16308,16997,21275,24291,16484,12683,16880,17045,14454,15044,15106,17053,16822,16829,20909,25033,18141,13995,11949,17133,15007,15056,15002,17012,17005,17004,21604,25625,19066,17193,17001,16777,15095,15179,15115,17101,16772,17086,22252,26701,18510,17045,16741,16978
17,57600.144,30,15164,14872,15050,17285,16890,16781,22260,26178,19821,17357,17281,17143,15124,14871,15079,17070,16940,16992,22267,26442,19377,17387,17118,17232,15022,15062,15040,17225,17046,16908,21977,25717,18910,17414,16944,17100,14923,14938,15186,16985,16995,17066,20402,25099,19088,17540,17015,17120,14998,14713,15049,17026,16447,17096,21760,25554,16570,12946,16962,16961,14813,14920,15109,16864,16762,16835,21538,25586,18517,14450,11919,17046,15245,15182,15087,17036,16930,16857,22267,26333,19611,17371,16950,16993,15304,15132,15290,17367,16706,16978,23563,28137,18682,17232,16837,16967
18,61200.15,30,15139,15018,15176,14983,16902,16883,23102,27222,19977,18096,17177,17076,15073,15069,15099,14782,16865,16728,23025,27197,19743,17861,17047,17090,14948,15047,14933,14796,17067,16963,22874,26435,19223,17978,16995,16854,15065,15117,15033,14666,17135,17066,21237,25879,19165,17861,17068,16983,15225,14950,14946,14890,16515,17089,22445,26149,17295,13375,16993,17044,14633,14958,15262,15018,16891,16773,22578,26354,19170,14867,11857,17004,15086,15092,15139,14971,17018,16836,23269,27275,20254,17703,16850,16857,15273,15227,15190,15329,16797,17055,24539,29017,20015,17288,16847,16944
19,64800.167,30,15423,15214,15220,15239,17267,16903,24109,28505,20562,18564,17393,17180,15235,15050,15101,14978,17078,16902,23599,27690,20385,18446,17149,17177,15230,15174,15111,14982,17198,17119,23742,27393,19721,18127,17270,17145,15229,15008,15040,14963,17236,16970,21878,26674,20063,18135,16990,17145,15156,14881,15046,14984,16489,16954,23309,27254,17874,13648,17161,16980,14714,14992,15185,15126,17166,16716,23706,27337,19607,14938,11947,17070,15355,15220,14979,14996,17032,16813,24166,27697,20944,17793,17053,16916,15377,15188,15122,15236,17162,16977,25597,30910,20473,18196,16939,16927
20,68400.185,30,15426,15303,15265,14971,16064,16998,25299,29041,21261,18555,17168,17248,15482,15394,15164,14847,15485,17168,24666,28634,21052,18671,17307,17349,15209,15191,15111,14867,15741,17118,24767,28405,20420,18458,17199,17269,15410,15419,15163,14721,17212,17080,22647,28243,20753,18450,17091,17162,15434,15010,15003,15064,15220,17278,24236,28441,18413,13953,17222,17022,14919,15047,15072,14948,16231,17079,24825,28669,20227,15394,12079,17001,15286,15400,15211,14777,15624,16841,25488,29753,21542,18134,17007,16951,15569,15364,15299,15200,15611,17059,26944,30432,21832,18554,17166,16993
21,72000.205,30,15428,15328,15299,15238,14831,17034,26396,30909,21933,18943,17542,17394,15594,15368,15309,15022,14996,17320,25698,30345,21737,18857,17328,17267,15248,15325,15257,15105,15198,17229,25918,29972,21168,18777,17221,17163,15527,15430,15327,15086,15018,17137,23475,29012,21867,18665,17311,17301,15403,15144,15182,15242,14670,17478,25213,29332,19145,14412,17214,17127,15045,15129,15210,15135,15293,17209,25814,30686,21007,15529,12285,17346,15547,15537,15271,15196,15373,17305,26519,30381,22443,18826,17200,17092,15669,15595,15323,15191,15343,17218,28117,30680,22723,18576,17200,17109
22,75600.215,30,15581,15499,15469,15238,15082,16002,27540,30871,22998,19520,17785,17147,15717,15497,15447,15146,15148,15459,26849,31604,22334,19386,17664,17214,15340,15540,15277,15046,15440,16219,26883,31369,22268,19245,17504,17229,15576,15742,15194,15071,15185,17331,24281,30890,22603,19030,17560,17327,15700,15290,15270,15224,14973,15701,26521,30938,20125,15225,17367,17156,15033,15291,15325,15083,15123,15074,27315,30227,21626,16138,12930,17073,15521,15555,15249,15265,15250,17242,27869,28981,23375,19534,17409,17038,15725,15759,15427,15380,15216,17520,29288,33053,23583,19206,17259,17144
23,79200.233,30.1,15665,15615,15642,15434,15249,14974,28856,29473,23769,20193,18391,17401,15771,15662,15471,15459,15296,15147,28241,29692,23433,19942,18358,17416,15568,15643,15477,15366,15355,14890,28449,28783,23243,19524,18073,17281,15750,15746,15370,15254,15167,15836,25486,29514,23389,19417,18397,17227,15559,15429,15246,15174,14896,15300,27634,28916,21269,16216,17833,17217,15294,15295,15519,15154,15204,15099,28626,29699,22851,16626,12973,17271,15813,15792,15447,15176,15278,15781,29157,30887,24413,19871,18078,17152,15803,15684,15486,15452,15290,15155,31084,34089,24810,19724,17654,17249
24,82800.243,30,15700,15747,15578,15404,15208,15139,30896,31595,24818,20826,18535,17457,15939,15713,15577,15359,15261,15141,29383,29911,24772,20628,18257,17532,15480,15840,15512,15400,15336,15176,29066,30717,24086,20159,18181,17420,15740,15840,15453,15384,15271,15571,26341,30233,24644,20106,18438,17333,15888,15546,15351,15243,15023,15378,29169,29543,22141,16862,17985,17206,15458,15520,15600,15170,15267,15068,29895,31074,23835,17496,13159,17482,15794,15887,15557,15246,15283,15115,30833,32869,25457,20306,18365,17142,15924,15978,15770,15356,15375,15222,32225,35553,26059,20642,18056,17171
25,86400.262,30,15919,15831,15725,15532,15365,15086,31854,33318,25896,21625,18823,17424,15994,16008,15844,15428,15280,15190,30921,31810,25856,21454,18763,17873,15699,15904,15762,15605,15259,15220,30936,31867,25379,20963,18595,17627,15932,16072,15653,15329,15334,15465,28538,31938,25750,20825,18516,17329,15957,15608,15402,15190,14862,15290,30853,31310,23125,18102,18086,17372,15563,15685,15724,15204,15076,15109,31978,32616,24989,18173,13498,17445,15982,15987,15636,15442,15462,15343,30562,33784,26506,20920,18613,17318,15848,16070,15902,15411,15393,15262,31442,36773,27604,21697,18597,17328
,,,,,,,,,,,,,,,,,,,,,,,,,,,,,,,,,,,,,,,,,,,,,,,,,,,,,,,,,,,,,,,,,,,,,,,,,,,,,,,,,,,,,,,,,,,,,,,,,,
RFP 90,,,,,,,,,,,,,,,,,,,,,,,,,,,,,,,,,,,,,,,,,,,,,,,,,,,,,,,,,,,,,,,,,,,,,,,,,,,,,,,,,,,,,,,,,,,,,,,,,,
Cycle Nr.,Time [s],Temp. [°C],A1,A2,A3,A4,A5,A6,A7,A8,A9,A10,A11,A12,B1,B2,B3,B4,B5,B6,B7,B8,B9,B10,B11,B12,C1,C2,C3,C4,C5,C6,C7,C8,C9,C10,C11,C12,D1,D2,D3,D4,D5,D6,D7,D8,D9,D10,D11,D12,E1,E2,E3,E4,E5,E6,E7,E8,E9,E10,E11,E12,F1,F2,F3,F4,F5,F6,F7,F8,F9,F10,F11,F12,G1,G2,G3,G4,G5,G6,G7,G8,G9,G10,G11,G12,H1,H2,H3,H4,H5,H6,H7,H8,H9,H10,H11,H12
1,0,30.4,10712,10802,10923,10871,10848,10693,10779,10977,10747,10875,10958,10844,10975,10966,10822,10836,10775,10780,10884,11093,11039,10871,10887,10813,10700,10889,10866,10899,10925,10835,10958,11227,10931,10892,10888,10868,10760,10797,10779,10791,10892,11045,9623,11337,10879,10906,10867,10937,10849,10732,10829,10977,10551,10906,11067,10981,9538,8155,10758,10760,10540,10860,10959,10844,10892,10723,10884,11175,10702,8941,7714,10801,11013,10918,10917,10899,10796,10749,10688,11165,10966,10869,10788,10796,10786,10870,10838,10904,10783,10924,10852,11015,10767,10684,10692,10759
2,3600,30,10634,10691,10811,10639,10624,10549,10638,11027,10623,10721,10746,10707,10820,10893,10637,10778,10682,10790,10791,11313,10780,10697,10677,10765,10670,10792,10781,10715,10839,10800,10838,11129,10635,10772,10758,10759,10864,10826,10886,10660,10883,10833,9567,11321,10796,10640,10671,10620,10716,10714,10727,10857,10504,10975,10869,11026,9484,8033,10678,10729,10422,10777,10813,10758,10744,10753,10866,11100,10681,8884,7617,10706,11019,10840,10763,10879,10866,10812,10599,11224,10906,10768,10666,10714,10739,10743,10659,10789,10716,10781,10907,11004,10718,10536,10628,10617
3,7200.006,30,10688,10835,10830,10829,10770,10642,10709,11382,10702,10813,10876,10854,10919,10910,10887,10874,10754,10750,10924,11749,10794,10781,10769,10792,10695,10763,10799,10813,10856,10857,10886,11812,10793,10913,10815,10788,10856,10839,10902,10755,10930,10891,9652,11612,10830,10820,10770,10848,10781,10825,10836,10850,10471,10959,11112,11248,9504,8035,10622,10779,10470,10932,10878,10803,10830,10637,10766,11700,10719,8920,7646,10763,10908,10861,10914,10911,10903,10767,10785,11494,10863,10754,10817,10768,10876,10880,10773,10801,10674,10902,10874,11395,10805,10648,10708,10865
4,10800.02,30,10748,10850,10989,10932,10787,10747,10894,12017,10872,10900,10976,10943,10977,10891,10932,10890,10841,10927,11034,12171,11076,10845,10804,10915,10656,10934,10953,10781,10877,10887,10965,12131,10848,10899,10799,10820,10884,10831,10902,10790,10927,10885,9760,12184,10822,10798,10883,10793,10673,10909,10890,10857,10394,10912,11083,11769,9571,8080,10828,10753,10444,10808,10991,10928,10806,10718,10869,11960,10664,8789,7632,10811,10835,10905,10884,10952,10970,10879,10798,12085,10969,10797,10770,10719,10901,10868,10809,10745,10787,10828,10931,11877,10859,10633,10671,10757
5,14400.036,30,10814,10991,11064,11039,10906,10802,10933,12230,10957,10958,10986,10934,11011,10953,10897,10968,10935,10963,11156,12471,11089,10999,10904,11000,10712,10938,10999,11108,10977,10961,11085,12348,10965,10854,10912,11008,10727,11001,11008,10881,10999,11014,9801,12514,11010,10926,10898,10901,10854,10802,10936,11027,10681,10950,11236,11998,9526,8145,10934,10923,10584,10981,11051,11067,11022,10799,11141,12018,10725,8949,7679,11105,11040,11033,10977,10968,11083,10983,10974,12242,11126,10974,10937,10936,10899,11057,11029,10997,10939,11071,11211,12317,11042,10872,10933,10967
6,18000.042,30,10925,10982,11149,11070,11003,10965,11203,12639,11011,11038,11086,11087,11100,11052,11101,11119,11046,11123,11410,12748,11150,11098,11013,11124,10885,10998,11146,11042,11101,11031,11373,12494,11020,11052,11035,10942,10867,11078,11123,10970,11072,11173,10032,12637,11026,11135,11063,11012,10874,10905,11038,11058,10679,11106,11465,12319,9657,8118,10969,10950,10535,11042,11176,11076,11072,11012,11253,12348,10919,8954,7776,10986,11033,11111,11195,11147,11082,11015,11104,12446,11230,11043,10911,11030,10949,11193,11003,11007,10953,11048,11210,12474,10971,10838,10932,11001
7,21600.048,30.1,10967,10894,11194,11121,11112,10934,11268,12819,10962,11073,11060,11082,11084,11057,11033,11080,11079,10879,11560,12922,11172,11187,11059,11067,10963,11068,10991,11084,11167,11036,11598,12686,11053,11026,11144,11004,11150,11036,11123,10957,11156,11192,10242,12739,11183,11031,10964,11036,11093,10855,11086,11092,10791,11227,11774,12599,9704,8148,11081,11019,10700,11020,11189,11071,11080,10970,11628,12386,10849,8955,7780,11001,11128,11118,11116,11041,11190,11112,11289,12656,11293,11186,10966,11041,11023,11060,11104,11232,11000,11066,11429,12810,11122,10938,10981,11116
8,25200.066,30,11119,10902,11213,11119,11194,10946,11842,12993,11062,11114,11061,11148,11340,11098,11149,11121,11054,11087,11800,13112,11152,11126,11062,11034,11039,11020,11083,11267,11178,11081,11704,12832,11142,11109,11167,11061,11188,11049,11180,11019,11178,11275,10428,12894,11089,11147,11157,11121,11199,10919,11071,11161,10802,11225,11879,12954,9787,8161,11074,10990,10773,11008,11298,11162,11024,10995,11982,12641,11038,8974,7761,11145,11164,11082,11110,11127,11188,11088,11716,13116,11242,11056,11010,10992,11285,11023,11098,11074,10894,11181,11593,13087,11091,10957,11012,11005
9,28800.071,29.9,9711,11048,11204,11218,11132,11061,11825,13537,11101,11297,11073,11237,9917,11021,11155,11149,11160,11149,12074,13542,11264,11238,11091,11213,10045,10960,10999,11176,11228,11195,11980,13244,11132,11249,11112,11246,10403,11102,11170,11092,11295,11223,10928,12977,11282,11234,11281,11106,9914,11025,11133,11223,10907,11175,12153,13349,9766,8295,11179,11090,9718,11009,11246,11309,11125,10995,12061,13032,11118,9100,7826,11113,11091,11125,11097,11196,11321,11195,11762,13570,11324,11212,11105,11174,11015,11105,11169,11171,11059,11119,12060,13538,11194,11044,11022,11207
10,32400.079,29.9,9839,11079,11206,11156,11215,11185,12086,13824,11299,11267,11280,11281,9934,11250,11275,11252,11320,11247,12361,13867,11404,11293,11149,11345,9918,11063,11141,11201,11343,11245,12245,13649,11298,11289,11287,11264,10011,11150,11165,11105,11243,11322,11071,13334,11355,11294,11249,11104,9807,11087,11052,11314,10915,11302,12501,13575,9888,8334,11096,11121,9475,11157,11257,11178,11152,11114,12208,13446,11099,9059,7878,11198,9702,11073,11163,11238,11287,11247,11986,13991,11421,11217,11210,11131,9957,11200,11094,11234,11123,11143,12136,14120,11214,11072,10989,11281
11,36000.085,30,9854,11322,11239,11127,11210,11128,12264,14224,11297,11216,11423,11312,9806,11361,11172,11246,11166,11216,12362,14217,11533,11311,11274,11231,9894,11147,11142,11154,11190,11286,12355,13784,11342,11338,11235,11224,9874,11248,11260,11137,11360,11237,11155,13555,11347,11239,11204,11178,9685,11197,11136,11289,10793,11272,12582,13789,10043,8325,11149,11145,9483,11242,11153,11229,11255,11040,12289,13759,11264,9155,7874,11164,9987,11213,11111,11221,11382,11283,12184,14309,11450,11195,11121,11098,9977,11266,11106,11132,11048,11329,12375,14510,11231,11144,11103,11183
12,39600.092,30,9738,10509,11080,11131,11220,11185,12648,14696,11465,11285,11346,11234,10042,11245,11203,11212,11264,11350,12682,14612,11727,11253,11250,11261,9863,10813,11093,11202,11344,11289,12602,14200,11673,11359,11306,11337,9816,10752,11148,11054,11434,11401,11395,13900,11628,11380,11311,11305,9773,10624,11063,11357,10918,11382,12682,14118,10374,8377,11241,11222,9586,11151,11146,11313,11314,11000,12518,14208,11400,9277,7945,11357,9909,10913,11067,11256,11387,11329,12511,14701,11571,11313,11165,11166,9985,10900,11088,11247,11126,11336,12682,15363,11413,11093,11201,11145
13,43200.097,29.9,9737,9652,11185,11189,11241,11081,12991,15108,11734,11326,11231,11277,9809,9798,11218,11222,11235,11199,12958,15161,11770,11286,11172,11259,9799,9737,11106,11193,11302,11180,12950,14565,11694,11288,11265,11297,9831,9803,11172,11133,11272,11285,11534,14261,11841,11262,11190,11266,9777,9829,11147,11226,10809,11202,12899,14437,10441,8347,11109,11302,9571,9828,11309,11205,11247,11064,12724,14603,11727,9053,7799,11264,9833,10028,11135,11191,11211,11205,12769,15169,12060,11267,11172,11112,10073,9983,11169,11137,11068,11236,13186,15791,11584,11105,11187,11167
14,46800.107,30.1,9868,9936,11335,11158,11311,11214,13419,15899,12218,11336,11338,11371,9985,9940,11340,11305,11186,11293,13311,15593,11976,11348,11316,11364,9834,9955,11168,11197,11335,11273,13233,15201,12120,11354,11311,11240,9835,10000,11353,11075,11290,11359,12132,14712,12131,11278,11348,11280,9811,9931,11287,11280,10927,11331,13276,14915,10597,8372,11188,11342,9618,9959,11373,11133,11222,11194,13065,15330,11897,9204,7831,11386,9978,10063,11279,11131,11313,11283,13162,15773,12123,11416,11217,11195,9948,10051,11375,11132,11126,11319,13781,16680,11949,11195,11133,11223
15,50400.126,30,9949,9931,10314,11184,11298,11222,13959,16193,12399,11454,11331,11372,10078,9850,10446,11363,11236,11343,14025,16408,12339,11401,11344,11412,9873,9814,10295,11198,11375,11364,13792,15980,12320,11472,11358,11340,9852,9885,10702,11239,11480,11467,12708,15316,12260,11447,11402,11400,9906,9933,10804,11299,10990,11402,13873,15554,10965,8491,11393,11319,9716,9985,10422,11270,11280,11193,13436,16048,11965,9389,7922,11422,9976,10005,10359,11442,11330,11336,13740,16489,12328,11419,11240,11284,10121,10026,10629,11265,11248,11436,14414,17314,12150,11235,11349,11319
16,54000.139,30,10153,10130,10009,11577,11358,11374,14546,16944,12604,11565,11607,11492,10113,10066,10093,11589,11318,11433,14501,17028,12529,11660,11419,11478,9948,9971,10058,11471,11397,11476,14345,16448,12356,11664,11526,11474,10047,10130,10102,11396,11437,11556,13209,16181,12615,11547,11429,11460,10018,9976,10088,11415,11037,11444,14192,16310,10911,8538,11380,11498,9702,10144,10110,11563,11311,11237,13996,16489,12119,9411,7967,11485,10181,10151,10214,11564,11449,11310,14217,17130,12637,11550,11568,11294,10116,10204,10283,11383,11232,11348,15010,17798,12419,11346,11206,11331
17,57600.144,30,10039,10053,10100,11472,11360,11305,15026,17524,13019,11641,11532,11374,10170,10027,10081,11344,11354,11375,14963,17549,12887,11868,11526,11559,10087,10059,10015,11535,11401,11351,14684,17226,12721,11894,11540,11467,10023,10091,10049,11428,11480,11466,13711,16777,12631,11841,11437,11492,10139,10100,10035,11472,11067,11309,14510,17031,11187,8592,11348,11466,9782,9875,10171,11256,11402,11249,14627,17118,12511,9652,7982,11488,10074,10117,10170,11380,11254,11378,14672,17540,13102,11549,11397,11293,10255,10100,10189,11412,11258,11481,15555,18874,12661,11521,11311,11420
18,61200.15,30,10109,10006,10228,10005,11373,11336,15548,18076,13345,12086,11496,11622,10213,10117,10091,9820,11281,11335,15284,18270,13047,11923,11379,11429,10021,10117,10100,9881,11472,11394,15005,17720,12927,12044,11515,11415,10132,10072,9952,9848,11347,11397,13936,17299,12868,12055,11424,11380,10076,9963,9954,10005,10999,11313,14874,17283,11464,9051,11391,11493,9811,10025,10063,10013,11275,11222,15121,17600,12726,10065,8022,11441,10136,10142,10136,10096,11406,11308,15300,18053,13386,11694,11316,11272,10274,10171,10165,10235,11293,11316,16057,19442,13393,11575,11343,11262
19,64800.167,30,10178,10125,10086,10006,11507,11298,16147,19010,13632,12382,11560,11449,10210,10247,10121,9971,11566,11346,15907,18739,13562,12241,11465,11520,10096,10084,10089,10115,11566,11366,15757,18300,13288,12217,11473,11424,10165,10046,10138,10009,11571,11395,14634,17876,13381,12184,11523,11488,10183,10047,10008,10116,11180,11371,15386,18070,11812,9314,11463,11432,10020,10058,10186,10107,11460,11208,15843,18095,13008,10035,8056,11433,10280,10213,10131,10127,11458,11236,15891,18521,13784,12097,11300,11368,10324,10309,10161,10238,11461,11398,16869,20906,13873,12120,11330,11408
20,68400.185,30.1,10276,10235,10250,10077,10577,11352,16983,19296,14077,12559,11655,11545,10359,10216,10250,9973,10447,11580,16298,19037,13898,12482,11539,11565,10168,10242,10135,9960,10505,11406,16329,18779,13719,12426,11642,11519,10301,10210,10168,9929,11500,11466,15076,18783,13604,12377,11602,11519,10342,10132,10038,10033,10073,11493,16043,18716,12404,9429,11451,11450,9990,10136,10128,10105,10812,11536,16415,18931,13230,10316,8142,11544,10355,10314,10180,10026,10554,11372,16637,19923,14145,12236,11505,11382,10456,10300,10277,10187,10467,11353,17789,20709,14563,12473,11404,11386
21,72000.205,30.1,10440,10272,10211,10147,9953,11470,17661,20532,14345,12672,11773,11633,10446,10374,10259,10209,10067,11644,16975,20088,14430,12765,11738,11536,10311,10310,10163,10146,10169,11530,17034,20094,14092,12665,11585,11633,10354,10344,10219,10164,10186,11513,15562,19537,14357,12639,11785,11501,10455,10127,10169,10165,9920,11724,16892,19383,12794,9789,11587,11458,10033,10249,10136,10125,10167,11407,17134,20428,13889,10434,8217,11438,10403,10294,10262,10088,10183,11427,17512,20475,14726,12596,11471,11441,10489,10395,10393,10271,10327,11560,18711,20792,15079,12736,11512,11436
22,75600.215,30,10488,10403,10258,10150,10201,10635,18671,20648,14945,13092,11888,11581,10505,10386,10307,10236,10173,10328,17869,21215,14818,13060,11811,11521,10227,10388,10340,10228,10317,10981,17882,21109,14781,12944,11803,11603,10459,10436,10355,10182,10226,11684,16216,20958,14828,12863,11799,11617,10531,10278,10137,10300,10103,10463,17772,20687,13366,10293,11724,11466,10161,10215,10241,10196,10240,10121,18353,20169,14503,10792,8759,11501,10568,10490,10319,10233,10229,11617,18400,19534,15313,13059,11800,11488,10604,10600,10399,10385,10408,11660,19542,22327,15532,13018,11646,11575
23,79200.233,30.1,10547,10325,10396,10333,10067,9949,19375,19839,15614,13543,12224,11633,10574,10440,10311,10293,10161,10278,18603,19710,15473,13470,12208,11645,10444,10522,10311,10294,10208,9967,18827,19489,15296,13188,12077,11577,10597,10600,10344,10272,10208,10584,17117,19577,15538,13094,12312,11538,10558,10412,10271,10176,9979,10264,18716,19722,13965,10726,12033,11511,10376,10434,10323,10103,10160,10037,19103,19638,15227,11141,8747,11581,10562,10544,10321,10210,10290,10549,19200,20904,16022,13219,12022,11463,10612,10565,10472,10374,10277,10280,20863,22983,16259,13326,11779,11467
24,82800.243,29.9,10588,10600,10418,10337,10264,10185,20758,21174,16318,13970,12520,11666,10638,10602,10491,10357,10249,10213,19744,20336,16610,13685,12382,11767,10386,10640,10395,10272,10198,10258,19502,20679,15993,13497,12160,11691,10491,10693,10362,10266,10259,10385,17951,20622,16141,13456,12334,11556,10525,10458,10250,10238,9987,10244,19522,20031,14697,11398,12218,11599,10360,10370,10430,10172,10241,10131,19796,20814,15728,11469,8808,11566,10637,10658,10380,10239,10253,10243,20663,22014,16890,13483,12376,11519,10654,10688,10538,10341,10255,10369,21735,23644,17151,13958,12092,11556
25,86400.262,29.9,10612,10642,10543,10345,10327,10144,21247,22279,16888,14330,12691,11644,10729,10639,10519,10479,10232,10177,20639,21467,17286,14432,12580,11863,10485,10627,10471,10409,10260,10097,20577,21485,16871,13883,12450,11697,10689,10709,10541,10347,10251,10369,19218,21626,16999,14003,12538,11709,10688,10552,10370,10286,10039,10319,20715,21282,15253,11989,12246,11693,10331,10532,10566,10276,10219,10188,21431,21931,16202,11956,9125,11678,10695,10743,10577,10496,10312,10277,21007,22701,17548,13962,12487,11675,10687,10802,10750,10356,10293,10295,21065,24455,18178,14694,12371,11564
,,,,,,,,,,,,,,,,,,,,,,,,,,,,,,,,,,,,,,,,,,,,,,,,,,,,,,,,,,,,,,,,,,,,,,,,,,,,,,,,,,,,,,,,,,,,,,,,,,
End Time,,,,2026-03-18 17:47:27,,,,,,,,,,,,,,,,,,,,,,,,,,,,,,,,,,,,,,,,,,,,,,,,,,,,,,,,,,,,,,,,,,,,,,,,,,,,,,,,,,,,,,,,,,,,,,
,,,,,,,,,,,,,,,,,,,,,,,,,,,,,,,,,,,,,,,,,,,,,,,,,,,,,,,,,,,,,,,,,,,,,,,,,,,,,,,,,,,,,,,,,,,,,,,,,,
,,,,,,,,,,,,,,,,,,,,,,,,,,,,,,,,,,,,,,,,,,,,,,,,,,,,,,,,,,,,,,,,,,,,,,,,,,,,,,,,,,,,,,,,,,,,,,,,,,
Warning,Execution of 'PP BS Growth (Modified)' was interrupted by the user.,,,,,,,,,,,,,,,,,,,,,,,,,,,,,,,,,,,,,,,,,,,,,,,,,,,,,,,,,,,,,,,,,,,,,,,,,,,,,,,,,,,,,,,,,,,,,,,,,
