"ch","time","fractal","species","mean_value","sd","n","se"
"G",0,0,"B",157.571428571429,6.47175384911987,28,1.22304651651402
"G",0,0,"P",155.214285714286,5.71778993083182,28,1.08056072899216
"G",0,0,"P+B",160.4,6.11747737321232,35,1.03404240603516
"G",0,0,"T+B",152.857142857143,3.46104550372225,28,0.654076119937667
"G",0,0,"T+P",157.571428571429,6.47175384911987,28,1.22304651651402
"G",0,0,"T+P+B",157.571428571429,6.47175384911987,28,1.22304651651402
"G",0,1,"B",157.857142857143,7.36213679586696,28,1.39131307713585
"G",0,1,"P",155.714285714286,6.15754365923165,28,1.1636663720964
"G",0,1,"P+B",160.428571428571,7.79247644049247,35,1.31716892371079
"G",0,1,"T+B",153.571428571429,3.47934190700197,28,0.65753381514946
"G",0,1,"T+P",157.857142857143,7.36213679586696,28,1.39131307713585
"G",0,1,"T+P+B",157.857142857143,7.36213679586696,28,1.39131307713585
"G",0,3,"B",156,8.91108340256152,28,1.68403647109522
"G",0,3,"P",153.928571428571,8.01354673143741,28,1.51441798364128
"G",0,3,"P+B",158.485714285714,9.23347945560842,35,1.56074288957116
"G",0,3,"T+B",151.857142857143,6.33458634221558,28,1.19712429428348
"G",0,3,"T+P",156,8.91108340256152,28,1.68403647109522
"G",0,3,"T+P+B",156,8.91108340256152,28,1.68403647109522
"G",0,5,"B",166.071428571429,7.28737401989359,28,1.37718424052511
"G",0,5,"P",163.821428571429,6.04338371878592,28,1.14209217123173
"G",0,5,"P+B",168.771428571429,7.66230542133031,35,1.29516600557334
"G",0,5,"T+B",161.571428571429,3.07232053001529,28,0.58061400502133
"G",0,5,"T+P",166.071428571429,7.28737401989359,28,1.37718424052511
"G",0,5,"T+P+B",166.071428571429,7.28737401989359,28,1.37718424052511
"G",2,0,"B",153.571428571429,5.19564327054014,28,0.98188428534682
"G",2,0,"P",648.392857142857,406.341613194805,28,76.7913468464469
"G",2,0,"P+B",787,362.842698051665,35,61.3316100111078
"G",2,0,"T+B",161.714285714286,10.3023087770444,28,1.94695335384696
"G",2,0,"T+P",272.321428571429,106.073368588961,28,20.04598242952
"G",2,0,"T+P+B",193.5,18.5502321039687,28,3.50566435068769
"G",2,1,"B",155.357142857143,6.08102260963039,28,1.14920525300307
"G",2,1,"P",733.785714285714,480.901264767547,28,90.8817965536684
"G",2,1,"P+B",773.971428571429,370.387832168509,35,62.6069704513774
"G",2,1,"T+B",168.571428571429,15.8077069141479,28,2.98737580664511
"G",2,1,"T+P",273.071428571429,119.036853481485,28,22.495850797403
"G",2,1,"T+P+B",203.785714285714,19.1221359857126,28,3.61374402532532
"G",2,3,"B",153.071428571429,6.35917867646078,28,1.20177180861001
"G",2,3,"P",547.321428571429,306.497544376778,28,57.9225914194955
"G",2,3,"P+B",673.485714285714,309.724295940435,35,52.3529613013706
"G",2,3,"T+B",168.75,12.3367112491314,28,2.33141928297247
"G",2,3,"T+P",294.535714285714,123.856093958198,28,23.4066016409458
"G",2,3,"T+P+B",206.285714285714,20.2152438683308,28,3.82032199772332
"G",2,5,"B",162.107142857143,6.19043040276107,28,1.16988138243994
"G",2,5,"P",352.107142857143,168.91556937334,28,31.922042080624
"G",2,5,"P+B",504.228571428571,299.728611140369,35,50.6633821938304
"G",2,5,"T+B",174.214285714286,7.3047784606919,28,1.38047337067228
"G",2,5,"T+P",314.642857142857,134.363579248885,28,25.3923297112192
"G",2,5,"T+P+B",225.892857142857,26.8856829388793,28,5.08091649174335
"G",4,0,"B",157.25,8.76704688655827,28,1.65681612816259
"G",4,0,"P",1826.42857142857,908.647323042311,28,171.718203302466
"G",4,0,"P+B",1548.2,535.116688758849,35,90.4512292561554
"G",4,0,"T+B",158.142857142857,10.1423727434819,28,1.91672828452665
"G",4,0,"T+P",395.821428571429,194.417278147617,28,36.7414120394763
"G",4,0,"T+P+B",432.607142857143,266.356394396641,28,50.3366271203821
"G",4,1,"B",159.321428571429,9.0351313152382,28,1.70747932306659
"G",4,1,"P",1942.14285714286,1142.50818018907,28,215.913751116947
"G",4,1,"P+B",1693.77142857143,622.325008983829,35,105.192125833329
"G",4,1,"T+B",163.25,12.1856776890225,28,2.30287662299584
"G",4,1,"T+P",411.571428571429,169.303021908982,28,31.995263727349
"G",4,1,"T+P+B",460.107142857143,262.957444703259,28,49.6942860055602
"G",4,3,"B",157.321428571429,8.22396485179733,28,1.55418327062799
"G",4,3,"P",1857.17857142857,911.757848520441,28,172.306037364028
"G",4,3,"P+B",1692.25714285714,690.498129777982,35,116.715486452789
"G",4,3,"T+B",167.035714285714,9.87507953219597,28,1.86621461565533
"G",4,3,"T+P",427.678571428571,164.554629805655,28,31.0979019678614
"G",4,3,"T+P+B",428.571428571429,187.604277881303,28,35.4538760118416
"G",4,5,"B",165.178571428571,6.4924661263742,28,1.22696076899264
"G",4,5,"P",1334.82142857143,817.269485161205,28,154.449415132739
"G",4,5,"P+B",1465.11428571429,1024.38172949887,35,173.152115430425
"G",4,5,"T+B",177.321428571429,9.27383244694276,28,1.7525895967923
"G",4,5,"T+P",390.607142857143,165.735697508326,28,31.3211027837756
"G",4,5,"T+P+B",374.142857142857,146.168526349683,28,27.6232550161467
"G",6,0,"B",156.678571428571,6.18273325287372,28,1.16842675783952
"G",6,0,"P",1893.25,750.291233578792,28,141.791715351526
"G",6,0,"P+B",1547.94285714286,414.531836771893,35,70.0686691136384
"G",6,0,"T+B",157.285714285714,6.28258700464223,28,1.18729734317211
"G",6,0,"T+P",727.464285714286,382.135566611957,28,72.2168340262853
"G",6,0,"T+P+B",782.035714285714,576.821333281893,28,109.008985627185
"G",6,1,"B",160.392857142857,10.2282806408372,28,1.93296335110225
"G",6,1,"P",1952.39285714286,941.850713156292,28,177.993054225741
"G",6,1,"P+B",1857.48571428571,985.321576991001,35,166.549744613951
"G",6,1,"T+B",161.535714285714,6.63594110022944,28,1.25407499043425
"G",6,1,"T+P",780.892857142857,402.978755003446,28,76.1558263843959
"G",6,1,"T+P+B",936.071428571429,675.052037970595,28,127.57284389268
"G",6,3,"B",158.75,6.97415865096923,28,1.31799209959816
"G",6,3,"P",1733.71428571429,640.897857300259,28,121.118310443618
"G",6,3,"P+B",2118,910.572573584723,35,153.914856960845
"G",6,3,"T+B",167.571428571429,10.1814230666138,28,1.92410810192834
"G",6,3,"T+P",679.785714285714,308.16810673816,28,58.23829803077
"G",6,3,"T+P+B",818.964285714286,396.705178535961,28,74.9702318726879
"G",6,5,"B",169.071428571429,7.08116213222499,28,1.33821385679966
"G",6,5,"P",1464.35714285714,654.811435356024,28,123.747729542378
"G",6,5,"P+B",1654.34285714286,770.666783218469,35,130.266462163006
"G",6,5,"T+B",181.035714285714,12.1761215708425,28,2.30107068640989
"G",6,5,"T+P",545.25,276.241792236037,28,52.2047917128091
"G",6,5,"T+P+B",608.178571428571,342.339884560427,28,64.6961570289608
"G",8,0,"B",156.785714285714,6.80608193623551,28,1.28622858614344
"G",8,0,"P",2046.82142857143,967.170368904451,28,182.778019396555
"G",8,0,"P+B",1442.02857142857,346.847778589694,35,58.6279751636428
"G",8,0,"T+B",154.214285714286,10.6783170502872,28,2.01801223826863
"G",8,0,"T+P",1123.25,534.781064583477,28,101.064121625304
"G",8,0,"T+P+B",1131.28571428571,643.329410301387,28,121.57783076795
"G",8,1,"B",161.178571428571,10.3137936097412,28,1.94912378321589
"G",8,1,"P",2031.28571428571,1037.8638623757,28,196.137833899075
"G",8,1,"P+B",1879.34285714286,1056.70467082555,35,178.615689707942
"G",8,1,"T+B",159.571428571429,11.9363390734425,28,2.25575605377657
"G",8,1,"T+P",1248.5,565.035987054512,28,106.781764539154
"G",8,1,"T+P+B",1234.53571428571,695.22048099561,28,131.384321362364
"G",8,3,"B",161.25,6.73094016876956,28,1.27202812687281
"G",8,3,"P",1730.32142857143,670.035657070601,28,126.62483701104
"G",8,3,"P+B",2109.62857142857,1051.80928392361,35,177.788218294199
"G",8,3,"T+B",167.071428571429,12.3945285761234,28,2.34234573073614
"G",8,3,"T+P",1031.46428571429,468.368443297847,28,88.5133159226115
"G",8,3,"T+P+B",1018,401.043546171642,28,75.7901062912582
"G",8,5,"B",170.464285714286,8.53091173477109,28,1.61219077906049
"G",8,5,"P",1471.53571428571,632.21406841898,28,119.4772285995
"G",8,5,"P+B",1583.14285714286,695.873938163462,35,117.624163918708
"G",8,5,"T+B",177.285714285714,18.0797761844086,28,3.41675653883238
"G",8,5,"T+P",704.821428571429,396.032177290855,28,74.8430465922175
"G",8,5,"T+P+B",743,430.136412470897,28,81.288141230821
"G",10,0,"B",156.285714285714,15.6249021160955,28,2.9528289470654
"G",10,0,"P",2151.28571428571,1041.97774402701,28,196.915284454256
"G",10,0,"P+B",1346.45714285714,330.859250584715,35,55.925420669592
"G",10,0,"T+B",159.142857142857,10.7830947447907,28,2.03781336131169
"G",10,0,"T+P",1180.89285714286,629.8001646193,28,119.021043660729
"G",10,0,"T+P+B",2028.5,918.441130999212,28,173.569059034058
"G",10,1,"B",170.428571428571,38.7560543145422,28,7.32420582245647
"G",10,1,"P",1995.85714285714,976.212435680226,28,184.486809398465
"G",10,1,"P+B",1697.85714285714,835.297204693076,35,141.190997301838
"G",10,1,"T+B",162.464285714286,11.2989089701326,28,2.13529308723771
"G",10,1,"T+P",1426.78571428571,631.477477217362,28,119.338025946828
"G",10,1,"T+P+B",2106.92857142857,919.666240931456,28,173.800583049017
"G",10,3,"B",166.25,18.9924448916658,28,3.58923471231763
"G",10,3,"P",1829.39285714286,728.037918186588,28,137.586234039064
"G",10,3,"P+B",2082.77142857143,927.548415914526,35,156.784298035371
"G",10,3,"T+B",168.714285714286,12.2076392077443,28,2.30702695992092
"G",10,3,"T+P",1217.03571428571,605.906635158504,28,114.505591025239
"G",10,3,"T+P+B",1663.46428571429,647.501264528601,28,122.36623711018
"G",10,5,"B",178.296296296296,23.4468544959657,27,4.51234925163192
"G",10,5,"P",1525.96428571429,574.029388984562,28,108.481357749679
"G",10,5,"P+B",1558.88571428571,841.648898833452,35,142.264629567333
"G",10,5,"T+B",180.107142857143,13.0563998376113,28,2.46742764201026
"G",10,5,"T+P",916.642857142857,780.438490910871,28,147.489011466622
"G",10,5,"T+P+B",999.321428571429,399.705544728582,28,75.5372477861023
"G",12,0,"B",154.214285714286,5.22094261204256,14,1.39535560644799
"G",12,0,"P",2269.46428571429,1152.68490063795,28,217.836970507659
"G",12,0,"P+B",1622.74285714286,511.75541853835,35,86.5024538716118
"G",12,0,"T+B",159.964285714286,9.75811966881425,28,1.84411127909218
"G",12,0,"T+P",1696.85714285714,857.63204206508,28,162.077221407478
"G",12,0,"T+P+B",1756.85714285714,813.315948406751,35,137.475486846905
"G",12,1,"B",157.285714285714,4.59813626840888,14,1.22890360957752
"G",12,1,"P",2047.89285714286,901.818423839699,28,170.427662658292
"G",12,1,"P+B",2290.88571428571,1018.10642490703,35,172.091395355323
"G",12,1,"T+B",164.035714285714,9.47699805125505,28,1.79098428707604
"G",12,1,"T+P",2044.46428571429,877.745786286619,28,165.878361774946
"G",12,1,"T+P+B",1854.2,790.184967177269,35,133.565637406476
"G",12,3,"B",161.785714285714,5.25032704371205,14,1.40320892614887
"G",12,3,"P",1845.89285714286,622.065099563734,28,117.55925376702
"G",12,3,"P+B",2750.17142857143,1300.44493484785,35,219.815313945362
"G",12,3,"T+B",169.714285714286,9.34070004061137,28,1.76522638419347
"G",12,3,"T+P",1648.57142857143,827.289032235496,28,156.342931547601
"G",12,3,"T+P+B",1488.02857142857,416.281118654088,35,70.3643517187298
"G",12,5,"B",177,10.0842603939162,14,2.69513195664633
"G",12,5,"P",1695.39285714286,654.614183191885,28,123.710452387243
"G",12,5,"P+B",1840.47222222222,1045.38300530369,36,174.230500883949
"G",12,5,"T+B",185.642857142857,11.2619131514449,28,2.12830153468078
"G",12,5,"T+P",1193.28571428571,935.266088385897,28,176.748677110088
"G",12,5,"T+P+B",957.264705882353,405.737137537573,34,69.5833450274653
"G",14,0,"B",151.714285714286,4.90570423751107,14,1.31110460697225
"G",14,0,"P",2543.10714285714,1153.54151426478,28,217.998855266676
"G",14,0,"P+B",2129.11428571429,531.305704148284,35,89.8070552844906
"G",14,0,"T+B",159.571428571429,9.93470747925739,28,1.87748323844917
"G",14,0,"T+P",1500.78571428571,732.267374622486,28,138.385526175519
"G",14,0,"T+P+B",1496.82142857143,663.246619322201,28,125.341829473634
"G",14,1,"B",156.5,6.56037053362549,14,1.75333277622242
"G",14,1,"P",2327.28571428571,842.527760050093,28,159.222780411489
"G",14,1,"P+B",2875.82857142857,1431.49077960734,35,241.966104597957
"G",14,1,"T+B",164.821428571429,13.0385569851103,28,2.46405565983899
"G",14,1,"T+P",1927.5,859.474667284443,28,162.425444842473
"G",14,1,"T+P+B",1827.92857142857,749.015251220458,28,141.550577351707
"G",14,3,"B",163.642857142857,7.54073188507836,14,2.01534536853466
"G",14,3,"P",2527.42857142857,738.803257957255,28,139.620692025657
"G",14,3,"P+B",3226.6,1736.98588161826,35,293.604201650608
"G",14,3,"T+B",171.678571428571,11.6366393628648,28,2.19911813219182
"G",14,3,"T+P",1607.67857142857,869.655532213183,28,164.349447466257
"G",14,3,"T+P+B",1372.96428571429,473.725853065287,28,89.5257712023339
"G",14,5,"B",176.928571428571,10.901406301054,14,2.91352338661161
"G",14,5,"P",1983.39285714286,638.32299610346,28,120.631707415958
"G",14,5,"P+B",1986.8,1071.46504430918,35,181.110648198156
"G",14,5,"T+B",188.642857142857,12.4817326839526,28,2.3588257580661
"G",14,5,"T+P",1204.07142857143,1058.17025615224,28,199.97538161031
"G",14,5,"T+P+B",933.928571428571,309.122045725372,28,58.4185755540623
"G",16,0,"B",164.857142857143,5.33630869386231,7,2.01693510329023
"G",16,0,"P",2408.57142857143,923.03410428432,28,174.437049397684
"G",16,0,"P+B",2584.85714285714,796.347254393353,35,134.607254058383
"G",16,0,"T+B",157.785714285714,6.77881855136874,28,1.28107629069663
"G",16,0,"T+P",1486.39285714286,976.844061981528,28,184.606175549521
"G",16,0,"T+P+B",2166,1019.29899658758,28,192.629404042029
"G",16,1,"B",172.428571428571,7.20780000779579,7,2.72429233150244
"G",16,1,"P",2229.60714285714,649.191425246634,28,122.685647462727
"G",16,1,"P+B",3669.37142857143,1646.01254526193,35,278.226901192927
"G",16,1,"T+B",162.607142857143,7.97839344133654,28,1.50777463625752
"G",16,1,"T+P",1985.35714285714,1049.42679995587,28,198.323023703539
"G",16,1,"T+P+B",2202.92857142857,836.359170079256,28,158.05702648272
"G",16,3,"B",179.714285714286,8.88283524021255,7,3.35739614039473
"G",16,3,"P",2266.46428571429,469.308118178622,28,88.6908977831676
"G",16,3,"P+B",3902.85714285714,1980.85954520131,35,334.826374529296
"G",16,3,"T+B",171.714285714286,10.1611356279048,28,1.92027413638817
"G",16,3,"T+P",1547.60714285714,895.177339735943,28,169.172615731549
"G",16,3,"T+P+B",1557.14285714286,500.624403770725,28,94.6091194733803
"G",16,5,"B",200,19.55334583475,7,7.39047005399843
"G",16,5,"P",1874.32142857143,532.404403074109,28,100.614974817849
"G",16,5,"P+B",2284.34285714286,1205.99904747931,35,203.851045235136
"G",16,5,"T+B",187.928571428571,15.5251971334262,28,2.9339864764499
"G",16,5,"T+P",1101.92857142857,983.066853857579,28,185.782172675559
"G",16,5,"T+P+B",1092.82142857143,310.83293757156,28,58.7419037215723
"G",18,0,"B",159.714285714286,4.60848079502294,7,1.74184201506399
"G",18,0,"P",2273.71428571429,359.28002667298,28,67.8975429720971
"G",18,0,"P+B",3080.57142857143,965.920995603626,35,163.270447833202
"G",18,0,"T+B",171.178571428571,19.0963513509946,28,3.60887118738887
"G",18,0,"T+P",1646.32142857143,1125.65345807311,28,212.728508035809
"G",18,0,"T+P+B",2273.17857142857,1080.07479348599,28,204.114950065242
"G",18,1,"B",165.428571428571,6.72946612189364,7,2.54349911639498
"G",18,1,"P",2197.35714285714,364.988098668042,28,68.9762671838531
"G",18,1,"P+B",4115.31428571429,1785.54619706373,35,301.812393092546
"G",18,1,"T+B",187.428571428571,36.5517680288074,28,6.90763487028185
"G",18,1,"T+P",2050.39285714286,1097.26857306157,28,207.364268983401
"G",18,1,"T+P+B",2225.21428571429,726.556533812337,28,137.306278706895
"G",18,3,"B",177.285714285714,10.0285307284481,7,3.79042833183474
"G",18,3,"P",2202.17857142857,605.338292537898,28,114.398184365696
"G",18,3,"P+B",3968,1914.0870961805,35,323.539770651581
"G",18,3,"T+B",200.428571428571,35.4729198449753,28,6.70375172765232
"G",18,3,"T+P",1497.89285714286,775.263794497203,28,146.511085765135
"G",18,3,"T+P+B",1620.57142857143,466.358583112103,28,88.1334880496479
"G",18,5,"B",195.857142857143,19.2217634590635,7,7.26514369611297
"G",18,5,"P",1864.85714285714,476.197026939069,28,89.992779167793
"G",18,5,"P+B",2470.97142857143,1222.47135141974,35,206.635372787223
"G",18,5,"T+B",204.428571428571,23.454334782846,28,4.43245264299019
"G",18,5,"T+P",1150.28571428571,868.789914388925,28,164.185861073871
"G",18,5,"T+P+B",1221.71428571429,343.526575298779,28,64.9204204987339
"G",20,0,"B",162.428571428571,3.30943816264649,7,1.2508500511013
"G",20,0,"P",1986.5,350.801568897205,28,66.2952650595212
"G",20,0,"P+B",2989.57142857143,825.98462760636,35,139.616884472373
"G",20,0,"T+B",167.5,13.5250111247986,28,2.55598685111422
"G",20,0,"T+P",1427.78571428571,1027.14110095441,28,194.111422464176
"G",20,0,"T+P+B",1988,929.774245797413,28,175.710816415185
"G",20,1,"B",165.285714285714,6.04743156814764,7,2.28571428571429
"G",20,1,"P",1948.14285714286,430.624672383746,28,81.3804136811468
"G",20,1,"P+B",3928.02857142857,1641.08254238608,35,277.393578611658
"G",20,1,"T+B",178.714285714286,21.0534718573607,28,3.97873219779096
"G",20,1,"T+P",1699.46428571429,823.663653132796,28,155.657799296596
"G",20,1,"T+P+B",1975.17857142857,657.20249168682,28,124.19959671538
"G",20,3,"B",181,10.0664459136943,7,3.80475892484537
"G",20,3,"P",1832.85714285714,668.454475819697,28,126.326021841926
"G",20,3,"P+B",3774.05714285714,1921.96143596705,35,324.870777006337
"G",20,3,"T+B",192.392857142857,19.6475222935395,28,3.71303270480735
"G",20,3,"T+P",1204.85714285714,614.601027724835,28,116.148676777473
"G",20,3,"T+P+B",1512.21428571429,500.25736762434,28,94.5397561615584
"G",20,5,"B",199.142857142857,15.4318779525649,7,5.83270161788389
"G",20,5,"P",1662.78571428571,538.11222546581,28,101.693651859004
"G",20,5,"P+B",2374.54285714286,1183.90272709665,35,200.116085398086
"G",20,5,"T+B",206.428571428571,17.2507188716094,28,3.26007943366909
"G",20,5,"T+P",936.428571428571,647.882158270538,28,122.438219261402
"G",20,5,"T+P+B",1254.39285714286,448.863696153819,28,84.827265184876
"G",22,0,"B",158.714285714286,3.19970236711092,7,1.20937381897146
"G",22,0,"P",1760.64285714286,363.64178693647,28,68.7218381817883
"G",22,0,"P+B",3497.42857142857,1004.54392009258,35,169.798913625581
"G",22,0,"T+B",180.607142857143,21.1771002906341,28,4.00209577560654
"G",22,0,"T+P",1542.75,1193.16329095765,28,225.486667240382
"G",22,0,"T+P+B",1743.89285714286,656.781509375988,28,124.12003853675
"G",22,1,"B",164.428571428571,11.4434427054266,7,4.32521479156785
"G",22,1,"P",1725.21428571429,381.798410754977,28,72.1531175583828
"G",22,1,"P+B",4312,1456.83474374695,35,246.250016422812
"G",22,1,"T+B",194.464285714286,29.4372932316175,28,5.5631255115532
"G",22,1,"T+P",1911,1069.28591610026,28,202.076043887512
"G",22,1,"T+P+B",1865.71428571429,521.436467288192,28,98.5422297831873
"G",22,3,"B",173.714285714286,8.15913160645351,7,3.08386187784613
"G",22,3,"P",1519.25,621.316262581423,28,117.417736879325
"G",22,3,"P+B",3774.91428571429,1713.83255362032,35,289.69057491689
"G",22,3,"T+B",211.142857142857,28.0458807772448,28,5.30017327402547
"G",22,3,"T+P",1553.78571428571,1089.25276314113,28,205.84942329724
"G",22,3,"T+P+B",1462.64285714286,449.507814317254,28,84.9489920759753
"G",22,5,"B",187.142857142857,10.2376522606271,7,3.86946884153966
"G",22,5,"P",1300.21428571429,404.413737278385,28,76.4270125440585
"G",22,5,"P+B",2351.68571428571,1030.92071274487,35,174.257405332816
"G",22,5,"T+B",221.214285714286,22.4670246309385,28,4.24586856235899
"G",22,5,"T+P",1101.75,912.265459457125,28,172.401966814116
"G",22,5,"T+P+B",1300.53571428571,440.512704835732,28,83.2490761685534
"R",0,0,"B",343.857142857143,21.4850754154707,28,4.06029760348595
"R",0,0,"P",339,18.9658562607572,28,3.58420993338293
"R",0,0,"P+B",342.514285714286,20.2504486930267,35,3.42295057461461
"R",0,0,"T+B",334.142857142857,14.4522567396142,28,2.73121980119117
"R",0,0,"T+P",334.142857142857,14.4522567396142,28,2.73121980119117
"R",0,0,"T+P+B",334.142857142857,14.4522567396142,28,2.73121980119117
"R",0,1,"B",341,19.9369376154283,28,3.76772705961661
"R",0,1,"P",338.571428571429,19.1551725369581,28,3.6199873466661
"R",0,1,"P+B",341.314285714286,18.906537040324,35,3.19578804436242
"R",0,1,"T+B",336.142857142857,18.0035269913143,28,3.40234679578976
"R",0,1,"T+P",336.142857142857,18.0035269913143,28,3.40234679578976
"R",0,1,"T+P+B",336.142857142857,18.0035269913143,28,3.40234679578976
"R",0,3,"B",327.214285714286,16.5828048890837,28,3.13385555545868
"R",0,3,"P",327.821428571429,16.5910586616173,28,3.13541537185168
"R",0,3,"P+B",329.114285714286,16.6393782204452,35,2.81256825980925
"R",0,3,"T+B",328.428571428571,16.576262750466,28,3.13261920747118
"R",0,3,"T+P",328.428571428571,16.576262750466,28,3.13261920747118
"R",0,3,"T+P+B",328.428571428571,16.576262750466,28,3.13261920747118
"R",0,5,"B",350.285714285714,24.1735348751437,28,4.56836868492693
"R",0,5,"P",352.5,29.0599635492112,28,5.49181690427247
"R",0,5,"P+B",354.342857142857,29.0647784188666,35,4.91284422868934
"R",0,5,"T+B",354.714285714286,33.0822288008813,28,6.2519535873479
"R",0,5,"T+P",354.714285714286,33.0822288008813,28,6.2519535873479
"R",0,5,"T+P+B",354.714285714286,33.0822288008813,28,6.2519535873479
"R",2,0,"B",1393.85714285714,696.495870306851,28,131.625347286816
"R",2,0,"P",336.857142857143,60.5271376453107,28,11.4385538414334
"R",2,0,"P+B",337.742857142857,19.9150295847469,35,3.36625439731863
"R",2,0,"T+B",342.071428571429,34.2300805242759,28,6.46887717321068
"R",2,0,"T+P",349.178571428571,35.2599379964462,28,6.6635019415824
"R",2,0,"T+P+B",335.428571428571,21.924835522722,28,4.1434044520798
"R",2,1,"B",1388.46428571429,728.853309538618,28,137.740328520397
"R",2,1,"P",342.535714285714,33.7424692754433,28,6.37672730886148
"R",2,1,"P+B",343.314285714286,23.0035437533021,35,3.88830857538737
"R",2,1,"T+B",346.892857142857,32.9369085842911,28,6.22449064780733
"R",2,1,"T+P",361.642857142857,51.7366653320693,28,9.77731072374516
"R",2,1,"T+P+B",330.892857142857,13.9664658848318,28,2.63941395898089
"R",2,3,"B",1165.46428571429,384.345666386186,28,72.6345036245175
"R",2,3,"P",319.107142857143,22.6279723412225,28,4.27628482060877
"R",2,3,"P+B",353.285714285714,32.2914771386866,35,5.45825585904592
"R",2,3,"T+B",343.714285714286,45.7245028264951,28,8.64111880721257
"R",2,3,"T+P",354.5,42.7867234513664,28,8.08593069054361
"R",2,3,"T+P+B",327.857142857143,15.4313636509216,28,2.91625361506716
"R",2,5,"B",1285.21428571429,488.693750738212,28,92.3544379803355
"R",2,5,"P",334.892857142857,21.3530105184505,28,4.03533968388332
"R",2,5,"P+B",385.657142857143,55.7689260183814,35,9.42666902121498
"R",2,5,"T+B",356.5,26.016376608818,28,4.91663303728074
"R",2,5,"T+P",365.785714285714,40.3102386983176,28,7.61791906324289
"R",2,5,"T+P+B",346.071428571429,24.0876925257886,28,4.55214600575899
"R",4,0,"B",1330.46428571429,661.754429228226,28,125.059832052384
"R",4,0,"P",336,14.4683562761405,7,5.46852465522118
"R",4,0,"P+B",372.714285714286,14.4711535723413,21,3.15786460183736
"R",4,0,"T+B",327.785714285714,17.8290108074909,14,4.76500357048005
"R",4,0,"T+P",359.714285714286,17.3135277098066,14,4.62723491760809
"R",4,0,"T+P+B",342.357142857143,20.3038728509428,14,5.42643827377493
"R",4,1,"B",1657.92857142857,1080.23546570906,28,204.1453142613
"R",4,1,"P",344.571428571429,10.2120377146637,7,3.85978745317323
"R",4,1,"P+B",386.333333333333,27.0413263974483,21,5.90090119563401
"R",4,1,"T+B",332.785714285714,18.1242658055164,14,4.8439137879332
"R",4,1,"T+P",366.714285714286,17.0358381132183,14,4.55301925115773
"R",4,1,"T+P+B",345.5,19.7474438462688,14,5.27772636694966
"R",4,3,"B",1355.21428571429,650.048964374728,28,122.847707125044
"R",4,3,"P",341.142857142857,22.3191141657293,7,8.43583222368264
"R",4,3,"P+B",399.52380952381,37.4093825765931,21,8.16339654089523
"R",4,3,"T+B",337,28.0740778326528,14,7.50311290710085
"R",4,3,"T+P",364.357142857143,13.7147149658098,14,3.66541175423723
"R",4,3,"T+P+B",335.428571428571,8.59082055465005,14,2.29599337048255
"R",4,5,"B",1345.25,576.738763958043,28,108.993381491697
"R",4,5,"P",366.714285714286,34.2768837834591,7,12.9554443156136
"R",4,5,"P+B",440,61.1367320029457,21,13.3411286736061
"R",4,5,"T+B",357.642857142857,36.8251735446475,14,9.84194161518305
"R",4,5,"T+P",387.5,27.0690001520331,14,7.23449459795998
"R",4,5,"T+P+B",381.428571428571,60.1149082824069,14,16.0663850450076
"R",6,0,"B",1262.03571428571,606.185980637703,28,114.558382358655
"R",6,0,"P",311.928571428571,14.1471854848538,28,2.67356675317327
"R",6,0,"P+B",382.057142857143,43.4361890709625,35,7.34205600050325
"R",6,0,"T+B",334,23.4489200572617,28,4.43142935603922
"R",6,0,"T+P",319.821428571429,21.0819451829857,28,3.9841131505483
"R",6,0,"T+P+B",361.357142857143,34.5995228887189,28,6.53869521750267
"R",6,1,"B",1553.78571428571,995.941332391691,28,188.215220422767
"R",6,1,"P",325.035714285714,20.7426598224031,28,3.91999424429213
"R",6,1,"P+B",384.6,50.8655667652779,35,8.5978500341704
"R",6,1,"T+B",340.714285714286,25.2026705564034,28,4.76285704763809
"R",6,1,"T+P",329.464285714286,25.6522068112222,28,4.84781141446365
"R",6,1,"T+P+B",349,16.2640252864572,28,3.07361187320227
"R",6,3,"B",1318.35714285714,679.452296545109,28,128.404414599291
"R",6,3,"P",324.571428571429,12.7175252991865,28,2.40338637384428
"R",6,3,"P+B",403.485714285714,76.6310378788292,35,12.9530095415109
"R",6,3,"T+B",343.428571428571,32.5308156715132,28,6.1477463009219
"R",6,3,"T+P",326.821428571429,21.8175151713931,28,4.12312281206321
"R",6,3,"T+P+B",353.285714285714,26.2620090947574,28,4.96305321383176
"R",6,5,"B",1327.57142857143,554.772120622608,28,104.842076105668
"R",6,5,"P",343,17.5646952298786,28,3.31941538806437
"R",6,5,"P+B",428.8,89.0494905359143,35,15.0521111615669
"R",6,5,"T+B",367,31.8619708302105,28,6.02134650693794
"R",6,5,"T+P",345.321428571429,24.300668442915,28,4.59239467089917
"R",6,5,"T+P+B",384.071428571429,46.14383998167,28,8.72036608064701
"R",8,0,"B",1409.07142857143,844.007764075726,28,159.502474882289
"R",8,0,"P",320.5,14.1408261061001,28,2.67236494355363
"R",8,0,"P+B",402.057142857143,36.2190580781338,35,6.1221382073988
"R",8,0,"T+B",353.178571428571,27.8754552481391,28,5.26796587637759
"R",8,0,"T+P",326.357142857143,14.0454666093773,28,2.65434369259099
"R",8,0,"T+P+B",384.035714285714,36.5761328199619,28,6.91223938300619
"R",8,1,"B",1815.78571428571,1291.65266966302,28,244.099410300073
"R",8,1,"P",330.464285714286,17.4302464716794,28,3.29400696104462
"R",8,1,"P+B",416.028571428571,47.6244411511357,35,8.04999981359003
"R",8,1,"T+B",363,23.6063393871066,28,4.46117881306235
"R",8,1,"T+P",333.678571428571,16.6912120844042,28,3.15434258968354
"R",8,1,"T+P+B",370.785714285714,27.8545922044877,28,5.26402313172806
"R",8,3,"B",1517.64285714286,828.024968951027,28,156.482010514028
"R",8,3,"P",335.285714285714,18.1350022574663,28,3.42719328563219
"R",8,3,"P+B",408.028571428571,47.1720790512439,35,7.97353666290975
"R",8,3,"T+B",370,32.1604772398716,28,6.07775891584665
"R",8,3,"T+P",339.678571428571,16.5731902457142,28,3.13203855865151
"R",8,3,"T+P+B",368.928571428571,29.0477621646227,28,5.4895110593245
"R",8,5,"B",1485.14285714286,704.310312201245,28,133.102137993054
"R",8,5,"P",350.25,22.2004754703838,28,4.19549550585894
"R",8,5,"P+B",437.657142857143,67.2659090550957,35,11.3700138472191
"R",8,5,"T+B",387.642857142857,39.0329531110756,28,7.37653477631079
"R",8,5,"T+P",359,19.9406526881552,28,3.7684291423693
"R",8,5,"T+P+B",382.285714285714,27.5356430869453,28,5.20374741416373
"R",10,0,"B",1884.57142857143,1660.17391834514,28,313.743380075491
"R",10,0,"P",320.428571428571,13.3733526404773,28,2.52732609156228
"R",10,0,"P+B",406.2,31.0784585884708,35,5.25321830129002
"R",10,0,"T+B",364.75,27.1751861215474,28,5.13562745067916
"R",10,0,"T+P",327.535714285714,35.00527171183,28,6.61537453755332
"R",10,0,"T+P+B",401.142857142857,58.666486291209,28,11.0869237871799
"R",10,1,"B",2348.17857142857,2107.735717736,28,398.324609898407
"R",10,1,"P",330.964285714286,19.5172898521952,28,3.68842108677666
"R",10,1,"P+B",422.742857142857,52.3996760526262,35,8.8571618324546
"R",10,1,"T+B",380,50.8621958134228,28,9.61205151835623
"R",10,1,"T+P",331.214285714286,26.1042882000997,28,4.93324676641583
"R",10,1,"T+P+B",390.678571428571,52.2338428475671,28,9.87126844256375
"R",10,3,"B",2169.25,1868.16671127368,28,353.050323259968
"R",10,3,"P",336.428571428571,19.5285708479929,28,3.6905529945925
"R",10,3,"P+B",400.8,37.4022647945911,35,6.32213664552625
"R",10,3,"T+B",377.392857142857,45.7354221143616,28,8.64318235865462
"R",10,3,"T+P",338.285714285714,28.530499785132,28,5.39175765798865
"R",10,3,"T+P+B",392.964285714286,47.7093687071403,28,9.01622320049861
"R",10,5,"B",2252.88888888889,2170.26126277873,27,417.66697475904
"R",10,5,"P",352.321428571429,22.1794926492897,28,4.1915301254004
"R",10,5,"P+B",440.6,102.608966469797,35,17.344080917049
"R",10,5,"T+B",392.678571428571,42.5606787500079,28,8.04321225733088
"R",10,5,"T+P",354.964285714286,27.1586315899986,28,5.13249893828279
"R",10,5,"T+P+B",409.892857142857,37.6920654639912,28,7.12313082986337
"R",12,0,"B",608.428571428571,176.864013074676,14,47.2688957839531
"R",12,0,"P",330.142857142857,17.8319610805664,28,3.36992388626867
"R",12,0,"P+B",450.228571428571,56.796895997563,35,9.60042766154268
"R",12,0,"T+B",415.928571428571,77.9576944015286,28,14.7326194407441
"R",12,0,"T+P",327.178571428571,36.3919543116928,28,6.87743291659743
"R",12,0,"T+P+B",426.657142857143,82.0329714405211,35,13.8661029681959
"R",12,1,"B",702.571428571429,243.908467789334,14,65.187280014334
"R",12,1,"P",341.107142857143,23.0945548908929,28,4.3644606343595
"R",12,1,"P+B",481.114285714286,75.9100750612086,35,12.8311445829483
"R",12,1,"T+B",413.464285714286,65.8407068404394,28,12.4427240317508
"R",12,1,"T+P",333.964285714286,33.8914193694851,28,6.40487623076107
"R",12,1,"T+P+B",410.571428571429,68.7930766498925,35,11.6281522853043
"R",12,3,"B",817,314.399794480262,14,84.0268795298057
"R",12,3,"P",347.392857142857,23.487331945216,28,4.43868852053317
"R",12,3,"P+B",437.428571428571,52.9607433495269,35,8.95199951508752
"R",12,3,"T+B",407.25,73.7847846404965,28,13.9440136213723
"R",12,3,"T+P",340.178571428571,29.4455600267851,28,5.5646877889927
"R",12,3,"T+P+B",404.457142857143,58.9228522816776,35,9.95977986131995
"R",12,5,"B",982,347.508051926637,14,92.8754335324802
"R",12,5,"P",363.821428571429,25.1882594217705,28,4.7601335991846
"R",12,5,"P+B",482.142857142857,107.154682820772,35,18.112447220012
"R",12,5,"T+B",423.714285714286,46.7870329795175,28,8.84191813188433
"R",12,5,"T+P",359.785714285714,30.5194014101499,28,5.76762473527219
"R",12,5,"T+P+B",418.628571428571,40.0081504301353,35,6.76261171196948
"R",14,0,"B",522.071428571429,113.185663869125,14,30.2501410923445
"R",14,0,"P",331.642857142857,17.99015015628,28,3.39981881158763
"R",14,0,"P+B",452.628571428571,71.3327272939517,35,12.0574315947744
"R",14,0,"T+B",384.142857142857,95.260544973097,28,18.0025508396642
"R",14,0,"T+P",320.178571428571,16.3050857129247,28,3.08137156442793
"R",14,0,"T+P+B",349.928571428571,10.6386039582219,28,2.01050716931161
"R",14,1,"B",603.571428571429,167.918805601771,14,44.8781885255802
"R",14,1,"P",346.892857142857,25.3455223391727,28,4.7898534970345
"R",14,1,"P+B",477.314285714286,70.781258498432,35,11.9642163549978
"R",14,1,"T+B",404.785714285714,123.08815183312,28,23.2614742206424
"R",14,1,"T+P",328.107142857143,23.3972763304308,28,4.42166960904128
"R",14,1,"T+P+B",354,23.4662878757307,28,4.43471156521669
"R",14,3,"B",692.214285714286,182.93596129265,14,48.8916922055168
"R",14,3,"P",351.607142857143,23.1602137866968,28,4.37686899933496
"R",14,3,"P+B",435.228571428571,46.9568548615364,35,7.93715713497938
"R",14,3,"T+B",388.892857142857,110.773489035129,28,20.934221703278
"R",14,3,"T+P",338.107142857143,24.2812826644452,28,4.58873110312756
"R",14,3,"T+P+B",363.857142857143,32.9541929954116,28,6.22775709447756
"R",14,5,"B",838.142857142857,233.466801178984,14,62.3966272284163
"R",14,5,"P",363.857142857143,31.5403495667637,28,5.96056580126432
"R",14,5,"P+B",471.428571428571,86.082137832314,35,14.5505370090214
"R",14,5,"T+B",409.178571428571,85.6669059968246,28,16.1895234897104
"R",14,5,"T+P",352.785714285714,33.4158502453409,28,6.31500211406776
"R",14,5,"T+P+B",404.857142857143,43.5810987621029,28,8.23605351339066
"R",16,0,"B",478.571428571429,42.3472043266815,7,16.0057387667482
"R",16,0,"P",340.392857142857,14.611865512542,28,2.76138302406482
"R",16,0,"P+B",601.4,328.390656885076,35,55.5081521759029
"R",16,0,"T+B",477.678571428571,142.042000458244,28,26.8434149241884
"R",16,0,"T+P",323.428571428571,38.4923547689847,28,7.27437129257175
"R",16,0,"T+P+B",517.5,327.951611155151,28,61.9770289413918
"R",16,1,"B",495.571428571429,41.2102622448064,7,15.5760150519303
"R",16,1,"P",356.035714285714,23.2306983088185,28,4.39018932196447
"R",16,1,"P+B",679.971428571429,418.693379716574,35,70.772098258825
"R",16,1,"T+B",461.285714285714,124.998624331054,28,23.6225195860827
"R",16,1,"T+P",325.285714285714,33.1504506900341,28,6.26484631253855
"R",16,1,"T+P+B",495.964285714286,297.046633343912,28,56.1365371154984
"R",16,3,"B",573.571428571429,53.4036738525767,7,20.1846914444458
"R",16,3,"P",357.571428571429,22.1081995371058,28,4.17805699361252
"R",16,3,"P+B",645.885714285714,408.361991334143,35,69.0257748890921
"R",16,3,"T+B",435.107142857143,90.975918378809,28,17.1928325232885
"R",16,3,"T+P",336.928571428571,45.4507699249692,28,8.58938815127731
"R",16,3,"T+P+B",485.107142857143,244.70107830753,28,46.2441570536475
"R",16,5,"B",657,56.6333235236405,7,21.4053842803739
"R",16,5,"P",379.107142857143,32.402948294886,28,6.12358163811092
"R",16,5,"P+B",590.171428571429,251.885768427147,35,42.5764657783531
"R",16,5,"T+B",458.535714285714,74.2091549422891,28,14.0242120701112
"R",16,5,"T+P",360.607142857143,52.505618243098,28,9.9226291646381
"R",16,5,"T+P+B",451.142857142857,133.871888534085,28,25.2994089002678
"R",18,0,"B",450.428571428571,28.860914416428,7,10.9084003079696
"R",18,0,"P",330.178571428571,12.7106067443503,28,2.40207888987795
"R",18,0,"P+B",840.371428571429,640.609318664398,35,108.28273825759
"R",18,0,"T+B",446.928571428571,140.885014467783,28,26.6247651241064
"R",18,0,"T+P",313.75,30.6360052032705,28,5.78966078088103
"R",18,0,"T+P+B",602.714285714286,503.974856599668,28,95.2422955422972
"R",18,1,"B",469.714285714286,38.5776890862853,7,14.5809959254116
"R",18,1,"P",346.571428571429,21.1317359568556,28,3.99352272235154
"R",18,1,"P+B",975.4,871.35834460105,35,147.286442466555
"R",18,1,"T+B",471.928571428571,172.594135038638,28,32.617225647181
"R",18,1,"T+P",322.107142857143,30.0485277703255,28,5.6786379817071
"R",18,1,"T+P+B",577.571428571429,455.038332009385,28,85.9941616784625
"R",18,3,"B",548.571428571429,46.0357004322267,7,17.3998592534772
"R",18,3,"P",351.428571428571,17.1149243328925,28,3.23441667803725
"R",18,3,"P+B",1005.4,1083.28075226845,35,183.107867369037
"R",18,3,"T+B",434.071428571429,114.233007025903,28,21.5880091504023
"R",18,3,"T+P",332.75,44.254838613882,28,8.36337837740215
"R",18,3,"T+P+B",531.25,333.063960601942,28,62.9431721736395
"R",18,5,"B",639.857142857143,90.2135033710375,7,34.0974992599503
"R",18,5,"P",370.428571428571,28.820554099884,28,5.44657277109828
"R",18,5,"P+B",816.428571428571,669.118044879372,35,113.101592509086
"R",18,5,"T+B",440.25,89.657217593826,28,16.943621499662
"R",18,5,"T+P",357.785714285714,52.0301601586769,28,9.83277603248
"R",18,5,"T+P+B",485.5,205.452436597145,28,38.8268609634507
"R",20,0,"B",449.142857142857,20.5947288679132,7,7.78407584332873
"R",20,0,"P",328.071428571429,14.6664862903771,28,2.77170538081972
"R",20,0,"P+B",986.314285714286,881.828040173919,35,149.056144018379
"R",20,0,"T+B",436.964285714286,126.802115341293,28,23.9633473507134
"R",20,0,"T+P",304.5,19.1456406410325,28,3.61818598765595
"R",20,0,"T+P+B",672.607142857143,631.983669461172,28,119.433687289165
"R",20,1,"B",477,37.973675092095,7,14.3527000944073
"R",20,1,"P",341.214285714286,21.2295341845534,28,4.01200485014805
"R",20,1,"P+B",1175.08571428571,1184.04124459732,35,200.139499129094
"R",20,1,"T+B",471.892857142857,166.843093129047,28,31.5303808848748
"R",20,1,"T+P",309.857142857143,21.0672895226388,28,3.9813434910785
"R",20,1,"T+P+B",638.857142857143,581.541547465503,28,109.901022260385
"R",20,3,"B",543.571428571429,39.1273865847488,7,14.7887620507329
"R",20,3,"P",347.821428571429,21.1188060328696,28,3.99107919639882
"R",20,3,"P+B",991.2,1033.23733962725,35,174.648986746069
"R",20,3,"T+B",453.607142857143,113.092338308689,28,21.3724430251125
"R",20,3,"T+P",315.857142857143,21.3380451145874,28,4.03251148839108
"R",20,3,"T+P+B",557.142857142857,389.615167615403,28,73.6303457520788
"R",20,5,"B",626.857142857143,76.5951011737012,7,28.9502270502064
"R",20,5,"P",367.071428571429,27.4184698109228,28,5.18160374640243
"R",20,5,"P+B",831.428571428571,611.140172893559,35,103.301543471303
"R",20,5,"T+B",462.321428571429,94.5821428496508,28,17.8743448891259
"R",20,5,"T+P",329.464285714286,19.790536726308,28,3.74005989216437
"R",20,5,"T+P+B",516.571428571429,289.565118189256,28,54.7226636491283
"R",22,0,"B",416.571428571429,14.638501094228,7,5.53283335172488
"R",22,0,"P",326.535714285714,16.6744029663948,28,3.15116596496844
"R",22,0,"P+B",1139.48571428571,1065.12049501808,35,180.038223632615
"R",22,0,"T+B",493.071428571429,184.340652571472,28,34.8371088016768
"R",22,0,"T+P",314.928571428571,30.2200921284825,28,5.71106059781609
"R",22,0,"T+P+B",658.571428571429,566.124605350332,28,106.987494059397
"R",22,1,"B",452.285714285714,38.9174951477023,7,14.7094305443404
"R",22,1,"P",342.785714285714,23.4731637831251,28,4.43601098957409
"R",22,1,"P+B",1329.48571428571,1370.02407388528,35,231.576335024927
"R",22,1,"T+B",506.535714285714,189.425932391618,28,35.7981363553397
"R",22,1,"T+P",328.285714285714,33.8349557825074,28,6.39420561581296
"R",22,1,"T+P+B",671.892857142857,606.382127368159,28,114.59545060646
"R",22,3,"B",505.142857142857,39.0103771298039,7,14.7445366337575
"R",22,3,"P",350.428571428571,26.0646327302934,28,4.92575258704219
"R",22,3,"P+B",977.114285714286,980.033275888497,35,165.655858578538
"R",22,3,"T+B",498,138.115357045666,28,26.1013490701232
"R",22,3,"T+P",340.392857142857,50.3751403164772,28,9.52000668124158
"R",22,3,"T+P+B",602.678571428571,442.335221763651,28,83.593499493659
"R",22,5,"B",565.857142857143,60.1260580542485,7,22.7255138465962
"R",22,5,"P",367.592592592593,31.4462413789963,27,6.05183197505515
"R",22,5,"P+B",844.171428571429,602.64244036109,35,101.86516451023
"R",22,5,"T+B",502.214285714286,116.184513898545,28,21.9568092837485
"R",22,5,"T+P",353.571428571429,45.1904845534975,28,8.54019883964715
"R",22,5,"T+P+B",545.964285714286,317.092401785097,28,59.9248312679671
